"","logFC","AveExpr","t","P.Value","adj.P.Val","B"
"43427_at",1949.5416744186,1445.79647906977,9.4496210270718,6.54317504324784e-15,8.78629090563779e-11,-4.21514218556164
"49452_at",2645.65601860465,2374.59596744186,9.40957960328921,7.88609334976241e-15,8.78629090563779e-11,-4.21676140098093
"203548_s_at",3561.4558627907,2560.38565,9.253034252005,1.63661570810496e-14,1.21562359412343e-10,-4.22316016133976
"207092_at",2439.53672093023,1635.74252790698,9.11610508901778,3.10033676776491e-14,1.72712010490264e-10,-4.22884632514453
"219140_s_at",2910.60338372093,1756.58399651163,9.03969832394092,4.42848819790402e-14,1.97360005027791e-10,-4.23205538295426
"209699_x_at",4107.89393953489,3408.4834255814,8.90466934905898,8.31584566807633e-14,3.08836648369575e-10,-4.23778979546579
"215695_s_at",2692.13434418605,2080.53973488372,8.74705436919074,1.73484753286232e-13,5.52251536782445e-10,-4.24458526042138
"203980_at",5179.06234883721,5368.09138372093,8.71334630100837,2.03021089417341e-13,5.65489866935826e-10,-4.24605275379779
"205382_s_at",4092.26366046512,2848.98001860465,8.65328124256812,2.68650766580366e-13,6.65149447967811e-10,-4.24868006079208
"207175_at",4117.25534883721,3796.40830232558,8.6146417692863,3.2168106703525e-13,7.16801921674648e-10,-4.2503785368895
"210964_s_at",1752.2353255814,1271.05043023256,8.58641593368585,3.6691688889724e-13,7.43273548663382e-10,-4.2516233814666
"205913_at",3188.12220930233,2508.74273255814,8.53503236827245,4.66196336276793e-13,8.65687746771314e-10,-4.25389846363158
"204388_s_at",1124.75342790698,981.903309302326,8.50109491061795,5.4606078465429e-13,9.35990189573196e-10,-4.25540738773448
"218087_s_at",2470.96604883721,1870.22225465116,8.47442305558476,6.18301719384881e-13,9.84115515218094e-10,-4.25659677453667
"210201_x_at",1094.5698372093,1246.01529069767,8.35921451671996,1.05719395696176e-12,1.57049686286526e-09,-4.26176960318862
"219295_s_at",2285.70115581395,1740.68093372093,8.32211938017089,1.25636158538869e-12,1.67259777153121e-09,-4.26344730751093
"209771_x_at",-3195.35251162791,3276.16653488372,-8.31877737395717,1.2760473058399e-12,1.67259777153121e-09,-4.26359874590136
"203549_s_at",3731.30534883721,4362.99313953488,8.26575064313009,1.63294805681834e-12,1.9720079166176e-09,-4.26600795872594
"204894_s_at",1866.35923255814,1679.59936046512,8.25945316112125,1.68146795385425e-12,1.9720079166176e-09,-4.26629487396172
"218168_s_at",887.763434883722,748.62471744186,8.20631125928285,2.15259674555415e-12,2.32536864334036e-09,-4.26872274059429
"213524_s_at",2971.27904651163,3178.22652325581,8.20245859077608,2.1914796710563e-12,2.32536864334036e-09,-4.26889922060734
"212741_at",2521.20119069767,1841.46626511628,8.17918690521567,2.4417047748969e-12,2.47311397722853e-09,-4.2699665651847
"203571_s_at",984.611190697675,707.750502325581,8.16097871906853,2.65719564815659e-12,2.57436046208145e-09,-4.27080326780926
"221009_s_at",329.483376744186,261.714334883721,8.11546293377751,3.28250712543508e-12,3.03885386217478e-09,-4.27290090764436
"205220_at",722.542953488373,700.814755813954,8.10729237842137,3.40938592444328e-12,3.03885386217478e-09,-4.27327837555703
"219398_at",2918.4251627907,3287.78672093023,8.02375035889696,5.02323978113606e-12,4.30510969396365e-09,-4.27715387740149
"204151_x_at",4485.93886046512,4535.65096511628,7.98573624554935,5.99109214202611e-12,4.92162919149405e-09,-4.27892693305332
"205478_at",1248.34541162791,774.051612790698,7.97888491973874,6.18433861517001e-12,4.92162919149405e-09,-4.27924712705699
"219738_s_at",559.963704651163,502.338380232558,7.9246834193816,7.94907297893213e-12,6.10790321343257e-09,-4.28178700987105
"222317_at",716.584564883721,416.152205930233,7.91554278193997,8.29265381276082e-12,6.15950683032497e-09,-4.28221652560341
"204570_at",934.192790697675,742.174155813953,7.84736091864064,1.13680914211772e-11,8.1714574560675e-09,-4.28543109521879
"201839_s_at",-1866.17520930233,1587.56337209302,-7.832194694246,1.21938089769519e-11,8.49108266979432e-09,-4.28614869659317
"219064_at",1567.68727906977,1571.2051744186,7.81105314544215,1.34454644171035e-11,8.88843093310582e-09,-4.2871505707831
"216379_x_at",-2869.2831627907,3510.73981395349,-7.80736623197936,1.36764943623169e-11,8.88843093310582e-09,-4.28732547341178
"209496_at",1438.41586511628,1141.23453488372,7.80290877438935,1.39610951244762e-11,8.88843093310582e-09,-4.28753700253947
"221748_s_at",3169.02355813954,4025.47891860465,7.79242102261123,1.46542064868358e-11,8.96168143263264e-09,-4.28803501407587
"202286_s_at",-2752.39290232558,2352.42545581395,-7.78910363542556,1.48805014139661e-11,8.96168143263264e-09,-4.28819263210654
"209555_s_at",3490.69043488372,3209.09092209302,7.77821374147707,1.56481082917823e-11,9.17596834383642e-09,-4.2887103497515
"203323_at",2423.98404651163,2988.65586046512,7.75076575638246,1.77623890508468e-11,1.01487003902569e-08,-4.29001735654305
"216594_x_at",3178.2268372093,3546.5968372093,7.73436072719978,1.91594941846176e-11,1.06732752228959e-08,-4.29079995500528
"209493_at",1408.60718604651,1473.63554651163,7.70848736528312,2.1588613638532e-11,1.17331482367661e-08,-4.29203640464167
"209612_s_at",3487.21151162791,3259.70791860465,7.61593112259074,3.30719090637237e-11,1.7546222611118e-08,-4.29648106033593
"204719_at",1622.61916046512,1418.88930348837,7.60557683098284,3.46864510787058e-11,1.79748416136465e-08,-4.29698036102118
"208510_s_at",472.701227906977,412.631390697674,7.59927134914179,3.57078556447646e-11,1.8083594257552e-08,-4.29728462473
"221928_at",1101.25405348837,960.353368604651,7.59342520562227,3.668157823717e-11,1.81639023968635e-08,-4.2975668607933
"214505_s_at",1082.32279302326,931.983210465116,7.57867026048129,3.9258268599216e-11,1.8838831579009e-08,-4.29827977574312
"218723_s_at",996.805720930233,1152.39806976744,7.5760438810399,3.97354523274883e-11,1.8838831579009e-08,-4.29840676242115
"214456_x_at",2811.6537627907,2017.05874651163,7.56428802743087,4.19431005014138e-11,1.94712105931876e-08,-4.2989754881908
"214414_x_at",4092.50253488373,3677.67687209302,7.54162232017263,4.65498606031414e-11,2.11687866085673e-08,-4.30007350641292
"209613_s_at",2698.82099069768,2681.78387674419,7.49142321522216,5.86235485390444e-11,2.54027970864721e-08,-4.30251231759112
"209763_at",1684.42890697674,2434.91605813953,7.489070606405,5.92601912142212e-11,2.54027970864721e-08,-4.30262684791392
"208383_s_at",1305.60742790698,1021.54155116279,7.48899629189038,5.92804132521002e-11,2.54027970864721e-08,-4.30263046605284
"219737_s_at",724.808288372093,662.460041860465,7.47899272251116,6.2066145933488e-11,2.60947156572814e-08,-4.30311769818755
"204042_at",1623.20409302326,2460.111,7.41081329461936,8.48504659309686e-11,3.50133876359217e-08,-4.30644841580487
"212097_at",3009.10439534884,3553.78208139535,7.35778375852216,1.08173511882634e-10,4.3826006641468e-08,-4.30905093726693
"266_s_at",-2370.62861860465,1587.79612093023,-7.33014055599081,1.22755759673324e-10,4.8845832014298e-08,-4.3104116586666
"211696_x_at",5028.40167441861,4896.9703255814,7.30169230548528,1.39804329745248e-10,5.46536821002344e-08,-4.31181490012682
"210517_s_at",1623.21828837209,1851.26548372093,7.2641977212845,1.659178640918e-10,6.3743926992372e-08,-4.31366880502931
"203853_s_at",617.210697674419,958.555,7.25539077326574,1.7272337455667e-10,6.52338128007843e-08,-4.31410498874375
"203324_s_at",1050.49335581395,1106.52660116279,7.23154597149618,1.92573714625435e-10,7.15186680499762e-08,-4.31528733564883
"218736_s_at",1390.53306976744,1330.78272093023,7.19714973965989,2.25264698537463e-10,8.22880865165621e-08,-4.31699640363762
"202931_x_at",535.328162790698,541.63261627907,7.1896201667761,2.33126072004216e-10,8.33982129301275e-08,-4.31737108262779
"209160_at",1615.71163023256,1240.85659651163,7.18712668203213,2.35789050603511e-10,8.33982129301275e-08,-4.3174952044123
"203414_at",1863.25706976744,2604.74555813953,7.18085047912153,2.42626408265997e-10,8.44756914904878e-08,-4.31780771969106
"202988_s_at",-451.951593023256,357.096815116279,-7.15832610374125,2.6882692303742e-10,9.21580050160436e-08,-4.31893041538531
"212419_at",906.607325581396,1377.41515116279,7.15158210102865,2.77204996668742e-10,9.33716295986444e-08,-4.3192669014065
"209116_x_at",4812.90922325582,3493.39432790698,7.14879114605344,2.80747618503306e-10,9.33716295986444e-08,-4.31940619940449
"213706_at",1074.93151860465,767.760673255814,7.14501126294402,2.85617312139302e-10,9.35942730352952e-08,-4.3195948979803
"211653_x_at",2104.62494883721,1612.19717674419,7.13776588295818,2.95187434171973e-10,9.53284289225228e-08,-4.31995673742528
"209298_s_at",705.333291627907,572.861137906977,7.12197757219478,3.17158954284142e-10,1.00960756833051e-07,-4.32074583889514
"206488_s_at",3057.834,3250.79997674419,7.08018143574067,3.83480937650576e-10,1.20353601882645e-07,-4.32283890119524
"203065_s_at",1621.52851162791,1445.60809302326,7.07241373835622,3.97244724599234e-10,1.22941724975621e-07,-4.32322854003077
"213068_at",1454.39329534884,1191.4287244186,7.04380087837537,4.52310844518261e-10,1.38066336279458e-07,-4.32466554093151
"200944_s_at",-2014.17088372093,4035.50269767442,-7.01803285526494,5.0835351791663e-10,1.51670179023839e-07,-4.3259619914087
"32837_at",1159.20681395349,2115.07394186047,7.01710697084248,5.10490662244217e-10,1.51670179023839e-07,-4.32600861556378
"213005_s_at",1171.38767441861,1770.96488372093,6.99198953993288,5.71995978459326e-10,1.67707715631699e-07,-4.32727450817645
"209210_s_at",2567.05088372093,3541.70034883721,6.98033436727239,6.02981886207999e-10,1.74496693121725e-07,-4.32786261501555
"209686_at",582.505834883721,531.650431395349,6.96744605811023,6.3918875348297e-10,1.8260311530591e-07,-4.32851345657391
"203680_at",1709.32489534884,1813.29490813953,6.92618663502923,7.70241078015692e-10,2.17256733435743e-07,-4.33060058535409
"209614_at",735.062065116279,614.269265116279,6.92066033567437,7.89708323657846e-10,2.19963382200847e-07,-4.33088054771381
"218237_s_at",-1473.13509302326,1473.85656976744,-6.89902353047802,8.70738651491796e-10,2.39539128039404e-07,-4.33197759566753
"205498_at",1495.48646511628,2059.68681395349,6.8949263062216,8.86986840458528e-10,2.41033265438261e-07,-4.33218550230374
"218124_at",1868.91265116279,2336.77953488372,6.885915235498,9.23787521959575e-10,2.46558131051007e-07,-4.33264293834038
"204134_at",511.685813953489,620.774046511628,6.8845609623665,9.29447695924455e-10,2.46558131051007e-07,-4.332711708269
"212636_at",1013.21255813954,1478.7353255814,6.86133308057413,1.03206132755392e-09,2.70557912492752e-07,-4.33389210570271
"58780_s_at",693.768109302326,680.599526744186,6.85191996490152,1.07677658586356e-09,2.78997821660437e-07,-4.33437093739378
"217232_x_at",4011.5678372093,3661.96115116279,6.84705784296654,1.10062046027363e-09,2.81897996738819e-07,-4.33461837323443
"201540_at",3634.02341860465,5071.8555,6.82952020199274,1.19105840588371e-09,3.01594937026211e-07,-4.33551147357706
"220061_at",456.867334883721,434.288790697674,6.81818675798392,1.25338395164701e-09,3.13810725781464e-07,-4.33608912465104
"201348_at",3401.82830232558,3742.96256976744,6.80790620653133,1.31271124667906e-09,3.25012718997217e-07,-4.33661344737121
"209183_s_at",959.666981395349,869.487020930233,6.78972992317358,1.4244954682119e-09,3.48813544155669e-07,-4.33754124154799
"202942_at",606.129251162791,605.540230232558,6.76437716345377,1.59633830687005e-09,3.86643548825927e-07,-4.33883699930923
"209512_at",475.412674418605,454.225995348837,6.74627964281803,1.73142621245269e-09,4.10558095227628e-07,-4.33976310944929
"200878_at",1858.64489069768,2139.85074069767,6.74621558712866,1.73192393086196e-09,4.10558095227628e-07,-4.33976638909754
"204997_at",834.609779069768,546.451573255814,6.72678053657315,1.88967571684224e-09,4.4323835787785e-07,-4.34076201516673
"213348_at",1354.912,1979.12381395349,6.71473012715558,1.99455597514651e-09,4.62965529106142e-07,-4.34137988822928
"221747_at",1471.56879069768,1573.89481395349,6.68376709286353,2.29124262288663e-09,5.26348034698793e-07,-4.34296939874507
"206068_s_at",544.012160465116,578.126426744186,6.66718567029581,2.46769670343318e-09,5.6096730203483e-07,-4.34382173804888
"200606_at",-1556.09337209302,2617.33703488372,-6.66496819203177,2.4922929094578e-09,5.6096730203483e-07,-4.34393578236247
"204223_at",1132.72453255814,1141.80798953488,6.66108352664752,2.53596837128095e-09,5.65089832172533e-07,-4.34413560289962
"203337_x_at",1109.44859069767,1048.84839534884,6.6448103996678,2.72732021697823e-09,6.01711647474513e-07,-4.34497312277145
"35776_at",1535.66339534884,2448.31248837209,6.63162964401563,2.89273918757315e-09,6.3195007173228e-07,-4.34565202816558
"221246_x_at",1100.0503255814,1585.87106976744,6.61353331701805,3.13614752804864e-09,6.78473547257358e-07,-4.34658490020789
"209513_s_at",805.334153488372,837.950290697674,6.59609859605532,3.38981040996258e-09,7.19886159835575e-07,-4.34748451076967
"201539_s_at",496.414323255814,562.50923372093,6.59594160207113,3.39218448066846e-09,7.19886159835575e-07,-4.34749261520945
"205610_at",606.481946511628,556.304770930233,6.58876969843842,3.50241228102991e-09,7.36266536398015e-07,-4.34786291845244
"211745_x_at",4373.90390697675,3023.9336744186,6.58247625359206,3.6020561121472e-09,7.4362335846697e-07,-4.34818797857899
"205824_at",122.548379069768,140.874938372093,6.5818833474174,3.61158702858347e-09,7.4362335846697e-07,-4.34821860800407
"201432_at",2564.8433255814,4080.14391860465,6.58027765697893,3.63752394529012e-09,7.4362335846697e-07,-4.34830156240381
"217047_s_at",1214.39639534884,2001.88370930233,6.57678799787918,3.69453061173468e-09,7.48411142011672e-07,-4.34848187159052
"206243_at",852.265039534884,559.453363953488,6.57236198507689,3.76810761499439e-09,7.56439116981261e-07,-4.34871060851062
"216894_x_at",292.572097674419,368.547486046512,6.56267671965246,3.93421290168157e-09,7.82732732930093e-07,-4.3492113259892
"210375_at",654.089134883721,780.627618604651,6.5589223876541,4.00053308828948e-09,7.8525242785328e-07,-4.34940548762824
"215039_at",946.411162790698,1091.1991627907,6.55797977235139,4.01735748217358e-09,7.8525242785328e-07,-4.34945424242338
"203986_at",1001.9833,954.122673255814,6.54837794058966,4.19277914074584e-09,8.12414761680343e-07,-4.34995101033299
"214093_s_at",-370.939925581395,546.0832,-6.52188480557834,4.71710498088984e-09,9.06131468010071e-07,-4.3513229299014
"213071_at",1716.96230465116,1175.85775465116,6.51101352809219,4.95058754372067e-09,9.42854207151518e-07,-4.35188641352823
"209550_at",1427.52618604651,2196.26227906977,6.50212070801575,5.15005596849817e-09,9.72520184713023e-07,-4.35234757438327
"214439_x_at",762.595930232559,938.64573255814,6.50022300639265,5.19364098105505e-09,9.72520184713023e-07,-4.35244601087745
"217028_at",-1016.80195348837,1549.86534883721,-6.45860444182059,6.24682314736174e-09,1.15929061947676e-06,-4.35460710963845
"213933_at",1568.50988372093,1986.86829069767,6.45686668638921,6.29512026911493e-09,1.15929061947676e-06,-4.35469743895779
"209581_at",1365.00072093023,993.098779069767,6.45307108147236,6.40189944248803e-09,1.16929119079476e-06,-4.35489476217907
"208607_s_at",992.219925581396,807.641355813954,6.43844517825574,6.83038157391066e-09,1.23740969602806e-06,-4.35565545461614
"201286_at",-676.787197674419,572.646096511628,-6.39118110663888,8.4185011985609e-09,1.51281824360913e-06,-4.35811719879229
"204731_at",1014.05246744186,1324.06730116279,6.37846992914241,8.90464583649405e-09,1.57694457902861e-06,-4.35878016591686
"206100_at",538.032574418605,685.969503488372,6.37815876754732,8.91688807420925e-09,1.57694457902861e-06,-4.35879639968175
"219689_at",813.271000000001,1703.54454651163,6.37058910737234,9.21988801801681e-09,1.61769106067298e-06,-4.35919138969927
"210869_s_at",794.139513953489,1012.3587244186,6.33118590813871,1.09693580809046e-08,1.90961098528748e-06,-4.36124960727122
"202768_at",1622.04106976744,1317.18395348837,6.32686226859367,1.1180258339628e-08,1.93123795799946e-06,-4.36147566650678
"218677_at",-657.265255813954,898.593302325581,-6.31721026979098,1.16656392466035e-08,1.99958030255436e-06,-4.36198046735853
"204159_at",1384.0506627907,1026.45561046512,6.30999469172491,1.20420502107866e-08,2.04834354845006e-06,-4.36235797865582
"201963_at",2553.68440697675,2662.54598488372,6.3051258724987,1.23027976457172e-08,2.07684272681452e-06,-4.36261277520397
"212071_s_at",1953.61925581395,2496.18141860465,6.28516211709661,1.34315775380034e-08,2.25034467879196e-06,-4.36365806871919
"216834_at",-802.766695348838,949.608884883721,-6.26878131126146,1.44337451263535e-08,2.40020255709354e-06,-4.36451640643768
"205609_at",691.227325581396,1037.77501162791,6.25716729569456,1.51887051278141e-08,2.50703641750431e-06,-4.36512531704004
"218186_at",-507.692183720931,472.260456976744,-6.23207802571369,1.6955353840181e-08,2.77805992368201e-06,-4.36644169105472
"201719_s_at",1013.65779069768,1273.76408139535,6.22957906717417,1.71420610310509e-08,2.78814997047377e-06,-4.36657287720546
"201131_s_at",-1506.54392093023,1274.15831860465,-6.22501928093818,1.74879901658735e-08,2.8238035135229e-06,-4.36681228242491
"210299_s_at",1736.53646744186,1641.47948023256,6.22032081833423,1.78516541049751e-08,2.86178711094359e-06,-4.36705901333201
"206101_at",1663.02304651163,2730.96843023256,6.21447340229389,1.83146968752155e-08,2.91504564621733e-06,-4.367366142403
"201450_s_at",-241.2249,328.409968604651,-6.21026591798053,1.86551979354668e-08,2.94818280564544e-06,-4.36758717891947
"201243_s_at",-1036.64058139535,1734.98159302326,-6.20425104262646,1.91528518877686e-08,3.00551407475456e-06,-4.36790322739593
"210832_x_at",908.797441860466,1114.19865116279,6.19705100626309,1.97658300367179e-08,3.08001392103626e-06,-4.36828164533219
"209602_s_at",-868.467818604652,652.088337209302,-6.18855088701521,2.0514469418197e-08,3.17447168087281e-06,-4.36872852616616
"212112_s_at",625.410534883721,730.282779069767,6.16823199515343,2.24194107646372e-08,3.44532227633386e-06,-4.36979733959358
"201425_at",2688.52741860465,3175.46543023256,6.15583144930181,2.36667511917148e-08,3.61209737537658e-06,-4.37045002800152
"202193_at",-535.198020930233,667.458801162791,-6.1518400348131,2.40826313650689e-08,3.6505664946111e-06,-4.37066017447404
"219298_at",475.734769767442,437.747122093023,6.14193542119292,2.51460558589022e-08,3.78601055881025e-06,-4.37118177995287
"204271_s_at",432.591976744186,745.366755813953,6.13722209097307,2.56682616837843e-08,3.83869714832058e-06,-4.37143006279742
"207275_s_at",1441.08934883721,1708.26744186047,6.13459215455461,2.59642800479068e-08,3.85708034871672e-06,-4.37156861745286
"205968_at",-619.463148837209,793.041448837209,-6.1232306590703,2.72823069409962e-08,4.02603738785575e-06,-4.37216733128809
"201005_at",-1470.79953953488,1197.09734651163,-6.11810748610777,2.78980384779852e-08,4.08981573292727e-06,-4.37243738432227
"218502_s_at",-473.77611627907,968.626127906977,-6.09655353810132,3.06422918023481e-08,4.46275940020734e-06,-4.37357406452845
"33322_i_at",-1601.00153488372,2964.46923255814,-6.0834935632155,3.24329810458487e-08,4.69288387431589e-06,-4.374263210453
"204326_x_at",1093.94305813954,1655.20226162791,6.05841910128732,3.6165292643393e-08,5.19916913530792e-06,-4.37558717842661
"211458_s_at",804.296213953489,850.339323255814,6.0525929743392,3.70914398211438e-08,5.27283375558049e-06,-4.37589496260945
"212281_s_at",-478.628465116279,350.048653488372,-6.05205331165926,3.71784019753226e-08,5.27283375558049e-06,-4.37592347499678
"202464_s_at",1464.97851162791,2073.14437209302,6.05076021582792,3.73875929354987e-08,5.27283375558049e-06,-4.37599179608539
"200911_s_at",1754.4183255814,3283.82618604651,6.04597337712879,3.81721408641478e-08,5.34962147720633e-06,-4.3762447348745
"202912_at",1572.90730232558,2484.27927906977,6.04376961411934,3.85387694596443e-08,5.36724624918284e-06,-4.37636119582039
"204653_at",-1274.65630232558,1927.03940697674,-6.03193503624396,4.05678540667074e-08,5.61474218738163e-06,-4.37698675065707
"202309_at",596.622744186047,1203.24258139535,6.0293229650712,4.10297071301448e-08,5.6436108887717e-06,-4.37712485168956
"209016_s_at",-546.913834883721,343.955387209302,-6.02212631792632,4.23291828341565e-08,5.78663301284361e-06,-4.37750539923887
"212845_at",650.917837209303,1176.02770930233,5.99122265043628,4.83864615497462e-08,6.5431118332709e-06,-4.37914049666539
"221295_at",664.906325581396,899.015023255814,5.99091869269354,4.84500943539783e-08,6.5431118332709e-06,-4.37915658651598
"201650_at",-2249.53403488372,1416.56520581395,-5.97733560825245,5.13795082880676e-08,6.89692519989765e-06,-4.37987574839592
"202976_s_at",508.851418604651,800.429895348837,5.96428534708564,5.43582549318803e-08,7.25308380028196e-06,-4.38056696930671
"210762_s_at",1180.06251162791,1812.43353488372,5.94414360749429,5.92929369035024e-08,7.86443162512347e-06,-4.38163430512894
"1007_s_at",-1022.59223255814,2152.66772093023,-5.93827540754128,6.08119387427835e-08,8.01818006512098e-06,-4.38194538198307
"204039_at",901.225069767443,1230.078,5.93047318046657,6.2891115641526e-08,8.24354546964778e-06,-4.38235906089213
"216331_at",520.475060465117,448.475381395349,5.92533898857048,6.42973644748926e-08,8.37858580464346e-06,-4.38263132710001
"203296_s_at",479.231590697675,575.617388372093,5.88249723723831,7.73058032514029e-08,9.96169583934875e-06,-4.38490467381403
"218665_at",2375.09488372093,5174.98674418605,5.88239343247486,7.73402764532304e-08,9.96169583934875e-06,-4.38491018515287
"207071_s_at",1370.51165116279,2364.94152325581,5.88073476742417,7.78931723663434e-08,9.97525034390362e-06,-4.3849982511357
"214063_s_at",1023.00907209302,724.080201162791,5.87490801263509,7.9866495999075e-08,1.01695150305565e-05,-4.38530764884659
"221841_s_at",1649.24478372093,1876.04191046512,5.87321602304267,8.04486864492225e-08,1.01854436372047e-05,-4.38539750107857
"212230_at",975.724655813954,1433.16690465116,5.869597661448,8.17077824895745e-08,1.02864097017807e-05,-4.38558966497637
"65718_at",368.473697674419,675.493034883721,5.84888253126242,8.92987817957703e-08,1.1178903116602e-05,-4.38669013143728
"219935_at",1181.47679069767,1993.03704651163,5.84464976229007,9.09332674156625e-08,1.13199217755486e-05,-4.38691505970385
"203358_s_at",-319.760586046512,368.72723255814,-5.82973652870187,9.69302761366631e-08,1.19994296841848e-05,-4.38770772329082
"201890_at",-1444.40009302326,1651.40744186047,-5.82691929753171,9.81061243027597e-08,1.20778937449635e-05,-4.38785749463761
"209087_x_at",782.956534883721,1534.69740697674,5.81096606604173,1.05034470529065e-07,1.28597972901052e-05,-4.38870579041504
"210740_s_at",791.782697674419,911.25811627907,5.8064654959122,1.07074683780703e-07,1.30379517960951e-05,-4.38894515799133
"212915_at",437.562604651163,642.415790697674,5.79449205786026,1.12694440665696e-07,1.35984260734991e-05,-4.38958209254942
"201842_s_at",2361.40988372093,3728.30715116279,5.79406921914012,1.12898120701761e-07,1.35984260734991e-05,-4.38960458873183
"219563_at",1257.53776744186,1828.67034883721,5.78480683993537,1.1745181505072e-07,1.40708537353505e-05,-4.39009742354592
"203336_s_at",672.510325581396,746.27366744186,5.77552674874507,1.22195439891601e-07,1.45608608936072e-05,-4.39059129690335
"213247_at",649.783023255814,800.229093023256,5.7517324841065,1.35236876040003e-07,1.60291665361669e-05,-4.39185802059242
"209485_s_at",385.333058139535,624.69398255814,5.74356480743594,1.4002197179686e-07,1.65085163891504e-05,-4.39229297644414
"202003_s_at",934.776627906977,1195.52354651163,5.74150080258967,1.41257321098303e-07,1.6566509926492e-05,-4.39240290235807
"201417_at",-978.101518604651,961.225440697674,-5.73846682287833,1.43092713311981e-07,1.66588941539339e-05,-4.3925644955704
"210715_s_at",-943.123525581396,928.378539534884,-5.73773281290569,1.43540262871037e-07,1.66588941539339e-05,-4.39260359117228
"203435_s_at",387.938720930233,574.686127906977,5.73254859930176,1.46740703615321e-07,1.69420885940943e-05,-4.39287973351372
"209603_at",-847.390251162791,746.686027906977,-5.73014058141994,1.48251059958286e-07,1.70282390157241e-05,-4.39300800810071
"202071_at",-611.406651162791,1045.66981395349,-5.72593953223013,1.50922746156816e-07,1.72462130903196e-05,-4.39323181075898
"218189_s_at",-445.646527906977,676.563177906977,-5.72301750217393,1.5280890847074e-07,1.73726576910893e-05,-4.39338748635992
"201325_s_at",1235.78458139535,1510.05152325581,5.72180721097661,1.53596923360659e-07,1.73736052956628e-05,-4.39345196889567
"222351_at",580.716506976744,546.147979069767,5.71604542671637,1.57403556554594e-07,1.77142598520506e-05,-4.39375896764235
"202973_x_at",1567.29051162791,2495.15520930233,5.70491136784748,1.65024303359073e-07,1.84785756369358e-05,-4.3943523005737
"213486_at",1261.22130232558,1610.52481395349,5.70018589040595,1.68367335051912e-07,1.87586466348088e-05,-4.39460415571401
"218032_at",453.674372093023,1078.40653488372,5.68920971701716,1.76391620704336e-07,1.95548979311181e-05,-4.39518923438757
"213605_s_at",-700.12171627907,837.095095348837,-5.68740573114227,1.77745962883289e-07,1.96074915392491e-05,-4.39528540514863
"201036_s_at",1068.70097674419,1606.70727906977,5.68337977821155,1.80805436379523e-07,1.97942500286082e-05,-4.39550003965728
"202990_at",793.965418604652,1176.50608139535,5.68284515774058,1.81215590622271e-07,1.97942500286082e-05,-4.39552854279816
"209604_s_at",-1499.59993023256,2064.12638372093,-5.67503902803493,1.87309623006625e-07,2.03600991680811e-05,-4.39594475262191
"203881_s_at",509.512374418605,826.100696511628,5.67181181458333,1.89887503855948e-07,2.0444205346345e-05,-4.39611683751789
"201664_at",-432.139669767442,511.669862790698,-5.67177346497811,1.89918346124553e-07,2.0444205346345e-05,-4.39611888248926
"209458_x_at",2672.24353488372,1865.1491627907,5.66889105137773,1.92250652370715e-07,2.05957754171953e-05,-4.39627258913899
"218625_at",792.440953488372,1147.12761627907,5.66292621523511,1.97166914644306e-07,2.10213892776032e-05,-4.39659069009204
"209086_x_at",424.013939534884,636.066169767442,5.65991035394411,1.99699454952818e-07,2.1190014070065e-05,-4.39675153525462
"211026_s_at",1479.06565116279,3003.02880232558,5.65085323758846,2.07498907634958e-07,2.19132614162548e-05,-4.39723462346145
"209539_at",866.813488372094,1671.99479069767,5.64079427383611,2.16512377379816e-07,2.27572891752568e-05,-4.39777122435479
"201690_s_at",-1292.88113953488,1657.22901162791,-5.63807769054994,2.19011916243702e-07,2.29119367589597e-05,-4.39791615540287
"208737_at",-591.228967441861,783.702530232558,-5.63670216992096,2.20288335005376e-07,2.29377802286205e-05,-4.39798954224752
"205303_at",439.700604651163,805.244255813953,5.63531480062469,2.21583156227747e-07,2.29652905591762e-05,-4.39806356269536
"212134_at",309.267790697674,619.660941860465,5.62873855680864,2.27823212596503e-07,2.35027066957772e-05,-4.39841444530657
"201968_s_at",1419.18430232558,2350.13601162791,5.62696609332814,2.29534411926013e-07,2.35701165942274e-05,-4.3985090225047
"213397_x_at",1235.30539534884,1808.40465116279,5.62037343767389,2.36010805041835e-07,2.41239851777395e-05,-4.39886082131843
"220327_at",472.176623255814,678.046595348837,5.61049819218685,2.46049278563325e-07,2.50352332156465e-05,-4.39938784451477
"204170_s_at",-582.722906976745,874.001872093023,-5.60143957665158,2.5562597627561e-07,2.57426951118019e-05,-4.39987134511057
"219054_at",813.084297674419,1075.5413627907,5.60090844698245,2.5619871237391e-07,2.57426951118019e-05,-4.39989969570232
"221131_at",120.272362790698,223.792339534884,5.60065904724056,2.56468083957277e-07,2.57426951118019e-05,-4.39991300820434
"211726_s_at",950.318255813954,2341.42389534884,5.57977304057498,2.80042445087727e-07,2.79426805820453e-05,-4.40102800838872
"211981_at",86.0808302325582,216.758436046512,5.57905136151346,2.80893975244722e-07,2.79426805820453e-05,-4.40106654016933
"213515_x_at",772.95304883721,847.839489534884,5.57790783429238,2.822484683788e-07,2.79526338705991e-05,-4.401127595856
"210298_x_at",544.556888372093,401.57793255814,5.5670872567111,2.95387131630564e-07,2.90273681820885e-05,-4.40170537156879
"201106_at",1072.95974418605,1430.70077906977,5.5657526827551,2.97048667932518e-07,2.90273681820885e-05,-4.40177663727809
"212875_s_at",1507.78644186047,2293.20612790698,5.56517305719047,2.9777315481626e-07,2.90273681820885e-05,-4.40180758936958
"212653_s_at",970.835581395349,1029.67025581395,5.56448603718134,2.98634124783543e-07,2.90273681820885e-05,-4.40184427659108
"206385_s_at",-850.931065116279,1188.04318837209,-5.56370664444764,2.99613816895407e-07,2.90273681820885e-05,-4.40188589689175
"213518_at",-369.768404651163,502.076758139535,-5.5530707425572,3.13302834805785e-07,3.02221950994689e-05,-4.40245389823177
"200895_s_at",-776.431604651163,1044.97989534884,-5.5490749977605,3.18602794285775e-07,3.06009744184049e-05,-4.40266730369857
"212282_at",-775.81323255814,813.002802325581,-5.54554603895952,3.23356774516584e-07,3.09242875817727e-05,-4.402855786077
"218031_s_at",323.921509302326,294.862219767442,5.54262808538608,3.27340215024831e-07,3.11714615871723e-05,-4.40301163949407
"219093_at",524.242653488373,567.771277906977,5.53669185387633,3.35593394113157e-07,3.18213940469084e-05,-4.40332871838243
"204154_at",778.131697674419,1346.57096511628,5.52791643659806,3.48169543413018e-07,3.28739912536961e-05,-4.40379748229666
"212122_at",362.224088372093,399.276088372093,5.52031046065388,3.59443324596292e-07,3.37225441718016e-05,-4.4042038071042
"37117_at",-329.875597674419,404.079854651163,-5.51981942330931,3.6018334662697e-07,3.37225441718016e-05,-4.40423004012133
"203814_s_at",656.393697674419,1059.54843023256,5.51572700662053,3.66409331083565e-07,3.41619210231593e-05,-4.40444867630897
"201324_at",1401.72913953488,2192.4146627907,5.51161530235011,3.72771050776695e-07,3.46102388519045e-05,-4.40466835047783
"201596_x_at",-1414.9306627907,1050.14024302326,-5.48686499168625,4.13420799816133e-07,3.82251273124601e-05,-4.40599082364999
"207076_s_at",1548.98376744186,2870.04351162791,5.48092041379516,4.23814552576558e-07,3.902421353332e-05,-4.40630849322032
"205608_s_at",609.74346511628,1383.32512790698,5.47837608196532,4.28341161366396e-07,3.92787082252156e-05,-4.40644446247217
"202157_s_at",1137.85930232558,1853.50476744186,5.47406259748216,4.36123919481638e-07,3.9809991909957e-05,-4.40667498048518
"202202_s_at",1202.27725581395,1935.30239534884,5.47319388689449,4.37708029347012e-07,3.9809991909957e-05,-4.40672140623264
"204537_s_at",320.391395348837,621.737697674419,5.47034133807189,4.42949526266925e-07,4.01229442837638e-05,-4.40687385429595
"203002_at",692.084767441861,1484.77947674419,5.4689829653052,4.4546711099707e-07,4.01876260499907e-05,-4.4069464504162
"201885_s_at",951.349813953489,1914.3053255814,5.46153561539439,4.59521482944885e-07,4.1288375824439e-05,-4.40734447288113
"45297_at",589.346674418605,910.273779069767,5.46030088109763,4.61893309632075e-07,4.13348137290423e-05,-4.40741046472157
"200696_s_at",1770.36397674419,2693.91661627907,5.45648829087795,4.69293069400977e-07,4.18290298618479e-05,-4.40761423599886
"201242_s_at",-1009.51476744186,1276.23040697674,-5.45228197302374,4.77592010809377e-07,4.23991345691846e-05,-4.40783905569758
"202782_s_at",515.801790697675,1114.17259302326,5.444441067916,4.93448062090828e-07,4.36329490776584e-05,-4.40825815018705
"203917_at",-707.796720930233,756.037895348837,-5.43887771797856,5.05010502474888e-07,4.44788499076994e-05,-4.4085555195785
"205005_s_at",366.806651162791,725.042162790698,5.43176909685554,5.20171973152841e-07,4.5633827077814e-05,-4.40893549688699
"212457_at",497.439127906977,660.61086627907,5.42860812136324,5.27056390610615e-07,4.60564609881425e-05,-4.40910446427163
"202862_at",540.637279069767,719.547639534884,5.41826363699839,5.50216849538537e-07,4.78925080401064e-05,-4.40965743483734
"214212_x_at",247.890027906977,327.304765116279,5.41656756625937,5.54108300267912e-07,4.80435613029957e-05,-4.40974810129105
"208789_at",1544.51462790698,1852.66175581395,5.41182186552388,5.65140813173032e-07,4.88102044183515e-05,-4.41000179383222
"204419_x_at",626.17321627907,545.304668604651,5.40691454662213,5.76775597270631e-07,4.95354653734357e-05,-4.41026413004453
"208651_x_at",-1310.53611627907,1778.94884883721,-5.40641037792702,5.7798415819653e-07,4.95354653734357e-05,-4.41029108218992
"209185_s_at",1278.44623255814,2513.85262790698,5.39083114429891,6.1657872249372e-07,5.26407037292244e-05,-4.41112394354314
"203215_s_at",-232.164495348837,214.89551744186,-5.37893311379668,6.47745287397272e-07,5.50904894621122e-05,-4.41176002754379
"212119_at",1511.81602325581,2479.46563953488,5.35780797302038,7.069317786487e-07,5.98956685309086e-05,-4.41288942900511
"202760_s_at",1106.12237209302,1804.27820930233,5.34795067670105,7.36332623697134e-07,6.21503782342547e-05,-4.41341642862747
"221024_s_at",-901.07804883721,894.632161627907,-5.34196829854775,7.54756886356053e-07,6.34650856553658e-05,-4.41373626368071
"205932_s_at",354.301397674419,457.002012790698,5.33919705818104,7.63444036167415e-07,6.39542235260095e-05,-4.41388442185347
"218175_at",366.315255813954,370.920860465116,5.32768029927146,8.00608071917258e-07,6.68162908858887e-05,-4.4145001362581
"203476_at",-695.124511627907,1387.23820930233,-5.31975382309417,8.27210529155316e-07,6.82937986215561e-05,-4.41492390050432
"201135_at",1101.17169534884,1573.82582674419,5.3193246035763,8.28675515774176e-07,6.82937986215561e-05,-4.41494684723827
"204389_at",473.90588372093,686.090244186047,5.3193108853446,8.28722379929885e-07,6.82937986215561e-05,-4.41494758063571
"213236_at",577.624186046512,740.238813953488,5.3187702801648,8.30571261788884e-07,6.82937986215561e-05,-4.41497648219404
"218651_s_at",420.849418604651,1025.70840697674,5.31672895987302,8.37589138476747e-07,6.86176425466079e-05,-4.41508561397603
"218499_at",-569.071581395349,1054.63895348837,-5.30946400947463,8.63039919056306e-07,7.0233857680387e-05,-4.41547400476607
"221521_s_at",-360.435434883721,374.904194186047,-5.30930047226573,8.63621460504691e-07,7.0233857680387e-05,-4.41548274754561
"203038_at",-727.623860465116,1601.98976744186,-5.30322566846365,8.85497711292495e-07,7.17510745481115e-05,-4.41580750721208
"202112_at",885.139555813955,1106.75926860465,5.29432945505767,9.18517076856139e-07,7.41569421144397e-05,-4.41628309059559
"202982_s_at",454.243186046512,372.003744186047,5.29213059989209,9.26862516844638e-07,7.45605684579389e-05,-4.41640063749525
"203516_at",339.264093023256,782.251093023256,5.28826124849787,9.41728800800771e-07,7.53616949041838e-05,-4.4166074841909
"209487_at",774.651488372093,1065.19507209302,5.28759105370351,9.44327353488994e-07,7.53616949041838e-05,-4.41664331100999
"207057_at",484.232604651163,828.943488372093,5.28691200460398,9.46967399953843e-07,7.53616949041838e-05,-4.41667961107436
"211922_s_at",791.915744186047,715.1005,5.28154117292036,9.68104711162747e-07,7.67696700314572e-05,-4.41696671768649
"205022_s_at",206.767772093023,196.373648837209,5.27712469471278,9.85831735713349e-07,7.78088367212586e-05,-4.41720280353758
"209803_s_at",-244.185627906977,318.417802325581,-5.27654233511313,9.88192828259937e-07,7.78088367212586e-05,-4.41723393366724
"202283_at",1307.70532790698,1558.28226627907,5.27089835798456,1.01136434818157e-06,7.93529287694713e-05,-4.41753562961314
"212219_at",-599.206325581395,793.975372093023,-5.26876047657932,1.02027973105938e-06,7.97715552533196e-05,-4.41764990712048
"205412_at",1358.3831627907,1994.65348837209,5.25586809631713,1.07569792452388e-06,8.38104085740056e-05,-4.41833902793067
"210946_at",1442.85630232558,2893.11347674419,5.25376460378911,1.08501525294902e-06,8.4219903266243e-05,-4.41845145926589
"212993_at",248.820093023256,314.843855813953,5.25297954130569,1.08851286364843e-06,8.4219903266243e-05,-4.41849342041606
"206030_at",454.747076744186,359.803059302326,5.24072422662283,1.1445656047253e-06,8.82503646024008e-05,-4.41914843692625
"202724_s_at",689.768137209303,946.929512790698,5.23567353964814,1.16847979768906e-06,8.97835701100181e-05,-4.41941837030218
"212886_at",303.627511627907,273.647969767442,5.23132522778431,1.18945965083251e-06,9.10815443281813e-05,-4.41965075860098
"201785_at",1527.73895348837,2415.14136046512,5.22697502707488,1.21081745218874e-06,9.23994701613758e-05,-4.41988324136941
"221031_s_at",1053.22793023256,1746.78277906977,5.22455825636239,1.22284459029587e-06,9.29987918278595e-05,-4.42001239517652
"202963_at",-409.720395348837,564.38026744186,-5.22304293657498,1.23044518996245e-06,9.32585379861678e-05,-4.42009337378053
"202345_s_at",1072.55685348837,1107.03334534884,5.21895547170153,1.2511785833438e-06,9.42922438496709e-05,-4.42031180344658
"203812_at",455.841325581396,598.37138372093,5.21868803903906,1.2525469721089e-06,9.42922438496709e-05,-4.42032609453818
"204058_at",547.350046511628,984.605720930233,5.216942528234,1.26151438033552e-06,9.46475587104931e-05,-4.42041937063868
"202481_at",498.736046511628,1307.39018604651,5.21597628046637,1.26650538012661e-06,9.47031522998699e-05,-4.4204710042041
"204642_at",768.074860465117,1262.33463953488,5.2142470743253,1.27548560412133e-06,9.50556712930958e-05,-4.42056340721655
"200844_s_at",276.265837209303,403.194430232558,5.20566655801108,1.32097644530934e-06,9.79704546006086e-05,-4.42102190375277
"207761_s_at",1287.32681395349,2473.34659302326,5.20521936598097,1.32339033499902e-06,9.79704546006086e-05,-4.42104579845707
"201952_at",-1315.75562790698,1892.22286046512,-5.20123707885533,1.34507749100436e-06,9.92462309008283e-05,-4.42125857932182
"217771_at",-472.332709302326,604.327575581395,-5.19448054401538,1.38267110548989e-06,0.000101683367140697,-4.42161957757337
"202796_at",602.079139534884,784.000034883721,5.19284334445627,1.39193416290628e-06,0.000101833419624425,-4.42170704925783
"209616_s_at",420.773827906977,350.18868372093,5.19250579647056,1.39385150049139e-06,0.000101833419624425,-4.42172508349367
"204059_s_at",904.372255813954,1706.90577906977,5.17751902179628,1.48163369442283e-06,0.000107892952983085,-4.42252573044412
"213693_s_at",-741.575102325581,533.750876744186,-5.14402866920513,1.69779904486115e-06,0.000123231453148668,-4.42431448263049
"221589_s_at",718.270511627907,1283.05909302326,5.14078258462886,1.72032140411314e-06,0.000124244288096784,-4.42448782508492
"201761_at",-699.05894883721,1079.7913627907,-5.14041292389483,1.72290468168139e-06,0.000124244288096784,-4.42450756473653
"203642_s_at",701.146069767442,1649.42394186047,5.13091823902488,1.79057105667279e-06,0.000128707402760773,-4.42501454584104
"211946_s_at",-779.716581395349,1557.78752325581,-5.12401346546885,1.84140468361079e-06,0.000131877196130784,-4.4253831990832
"213675_at",508.766581395349,1217.35747674419,5.12314921108113,1.84786592229376e-06,0.000131877196130784,-4.42542934034598
"220736_at",538.964279069768,1065.328,5.12205463769514,1.85608086274916e-06,0.000131877196130784,-4.42548777728617
"217414_x_at",581.129188372093,464.46673372093,5.12175416225892,1.85834221536894e-06,0.000131877196130784,-4.42550381888941
"213001_at",896.349976744186,2021.72694186047,5.11343977709851,1.921995015266e-06,0.000135961317222769,-4.42594767806525
"214582_at",864.155930232558,1700.67238372093,5.10677117047981,1.97458384378985e-06,0.000139239404402434,-4.42630364358866
"208022_s_at",431.532772093024,770.405660465116,5.10207654967921,2.01244664336579e-06,0.000141461667363154,-4.42655422012651
"210678_s_at",259.856586046512,376.840279069767,5.099801933562,2.03104603626933e-06,0.000142320122094936,-4.42667562256008
"212013_at",733.078293023256,1073.89159767442,5.0960360961772,2.06220899442072e-06,0.000144050793174536,-4.42687660712852
"209008_x_at",-943.404093023256,1313.13774418605,-5.08654565953814,2.14283127665398e-06,0.000148771337621323,-4.42738306893524
"220975_s_at",648.032302325581,1689.24087209302,5.08517063449163,2.15476482377518e-06,0.000148771337621323,-4.42745644208031
"219454_at",1288.7743255814,2095.36393023256,5.0850442128264,2.15586526439573e-06,0.000148771337621323,-4.42746318803264
"213221_s_at",250.465790697675,358.698979069767,5.0849720810951,2.15649338292363e-06,0.000148771337621323,-4.42746703702887
"219549_s_at",1409.20811627907,2689.78198837209,5.07839377050405,2.2145349802601e-06,0.000152303959768937,-4.42781804272808
"219569_s_at",550.176558139535,1280.02286046512,5.07748360158311,2.22268481569156e-06,0.000152394109994016,-4.42786660483626
"206262_at",502.436962790698,751.107727906977,5.07509049011843,2.24425328815384e-06,0.000153400908036601,-4.42799428623088
"215306_at",619.045418604651,1291.6401744186,5.06858147864847,2.30395696784304e-06,0.00015700022359158,-4.42834154254158
"201363_s_at",-224.083655813954,309.555330232558,-5.06686805969503,2.31992948909654e-06,0.000157166624073581,-4.42843294775922
"201012_at",1833.38551162791,3909.64863953488,5.06647589249668,2.32360046334318e-06,0.000157166624073581,-4.42845386823315
"217809_at",-1211.15534883721,2052.93634883721,-5.06605373671401,2.32755849500883e-06,0.000157166624073581,-4.42847638832799
"211340_s_at",1493.23390697674,2772.63744186047,5.05608288141605,2.42298123996399e-06,0.000163115682689177,-4.42900824415995
"206209_s_at",362.165239534884,937.799124418605,5.05159485662015,2.46716952143273e-06,0.000165590176042426,-4.42924761201039
"220948_s_at",-488.349465116279,798.885802325581,-5.05057730497121,2.47729707892656e-06,0.000165770603032194,-4.42930188044279
"202935_s_at",-704.838790697674,1211.86479069767,-5.04579412654386,2.52545003263152e-06,0.000168486835560264,-4.42955696626793
"202539_s_at",-282.09223255814,399.222358139535,-5.04443105635925,2.53933881918388e-06,0.000168907722113058,-4.42962965472494
"205200_at",582.170846511628,697.901111627907,5.03521538565102,2.63521701774693e-06,0.000174108225965478,-4.43012105425978
"217853_at",719.573023255815,946.030906976744,5.03475260475331,2.6401238040193e-06,0.000174108225965478,-4.43014572866414
"203216_s_at",-453.758279069768,847.535093023256,-5.03467353274285,2.64096308290317e-06,0.000174108225965478,-4.43014994458032
"202073_at",662.259209302326,1971.04672093023,5.03171873031634,2.67251313168545e-06,0.000175668466411053,-4.43030748282683
"212120_at",1038.99762790698,1811.23506976744,5.0294926581107,2.696524913407e-06,0.000176725484251318,-4.43042616263578
"205404_at",463.191925581396,846.137851162791,5.02369513374712,2.76005360037536e-06,0.000179835128971423,-4.43073522695626
"209452_s_at",440.611023255814,1152.87874418605,5.02368970893467,2.76011372383551e-06,0.000179835128971423,-4.43073551613621
"204276_at",234.428974418605,347.509322093023,5.02170199336705,2.78222996358651e-06,0.000180747610141686,-4.43084147316663
"213150_at",358.844274418605,469.840944186046,5.02056352797182,2.79497488284732e-06,0.000181047748007229,-4.43090215838559
"221599_at",624.082558139535,932.961534883721,5.01848265117311,2.81841739717896e-06,0.000182037086554605,-4.43101307498946
"206093_x_at",276.85674883721,272.3698,5.00147293439522,3.01737866568892e-06,0.000194324418518919,-4.43191957781409
"213309_at",293.16738372093,385.815889534884,4.99502519393526,3.09632645847123e-06,0.000198834128167477,-4.43226312077415
"201426_s_at",1902.76688604651,2798.04123139535,4.98675229228727,3.20057982658935e-06,0.000204938276654858,-4.43270384557194
"203851_at",834.929744186047,957.863430232558,4.98426366447784,3.23260576124428e-06,0.000205948089627175,-4.43283640849492
"213913_s_at",-333.135981395349,494.533781395349,-4.98315831838512,3.24693045965084e-06,0.000205948089627175,-4.43289528531582
"203400_s_at",854.731681395349,729.450122093023,4.9828218771837,3.25130284212142e-06,0.000205948089627175,-4.43291320576055
"210078_s_at",109.943844186047,116.58593372093,4.98266681891192,3.25331990974131e-06,0.000205948089627175,-4.43292146485324
"209355_s_at",96.2526558139536,183.22671627907,4.97900956351426,3.30125076162437e-06,0.000208390285329393,-4.43311625882155
"201105_at",1507.04095348837,2159.69545348837,4.97492537766168,3.35559139194934e-06,0.000211222155329964,-4.4333337744904
"218078_s_at",449.202325581396,951.897488372093,4.97230638727167,3.3908956445125e-06,0.000212843176469499,-4.43347324686759
"202712_s_at",-200.25048372093,326.446706976744,-4.97122290734187,3.405606807101e-06,0.000213166113715257,-4.43353094450861
"206201_s_at",271.094211860465,226.330891744186,4.96868332612262,3.4403329316299e-06,0.000214736523012631,-4.43366617743604
"202975_s_at",803.859372093024,1467.29884883721,4.96795727346895,3.45032428593797e-06,0.000214758592356301,-4.43370483844781
"217714_x_at",-166.835897674419,375.490958139535,-4.95946384737067,3.5693272384123e-06,0.00022154684917421,-4.43415705296355
"209049_s_at",-532.403744186047,841.39626744186,-4.9489991282512,3.72146532217685e-06,0.000230348366039075,-4.43471410792642
"214705_at",-95.5353318604652,89.5861970930233,-4.94653600335101,3.7581840557434e-06,0.000231976773723353,-4.43484520516787
"39248_at",-575.080169767442,636.74456627907,-4.94292499508897,3.81265424387343e-06,0.000234688879879093,-4.43503738393
"202449_s_at",648.488372093024,1653.32239534884,4.93222155826801,3.97867283371064e-06,0.000244233517227477,-4.43560692874957
"201202_at",-501.348269767442,699.511260465116,-4.92374720552876,4.1150973697221e-06,0.000251914051344828,-4.43605775837939
"218711_s_at",125.681990697674,187.653190697674,4.92206587558509,4.14270144582606e-06,0.00025261362942716,-4.43614719299199
"205339_at",-307.672069767442,779.648523255814,-4.92167174124902,4.14919841898939e-06,0.00025261362942716,-4.4361681575629
"221671_x_at",-1716.56767441861,2236.33648837209,-4.92087728046685,4.16232464634634e-06,0.000252722289085928,-4.4362104154588
"212036_s_at",-248.709197674419,294.308675581395,-4.91828435531233,4.20544775891826e-06,0.000254646718510803,-4.43634832914662
"219230_at",631.961209302326,1294.28830232558,4.91744614719008,4.21948099112363e-06,0.000254804051287826,-4.43639291026339
"201030_x_at",2141.8313255814,4149.66829069767,4.91610833687455,4.24197316919786e-06,0.000255469967916854,-4.43646406141919
"201706_s_at",514.619930232558,918.757127906977,4.91262992060512,4.30100315446295e-06,0.00025767155639071,-4.43664904920069
"202054_s_at",632.892981395349,905.247113953488,4.9125916635249,4.30165682257075e-06,0.00025767155639071,-4.4366510836848
"221479_s_at",875.52246511628,1931.43755813953,4.91077217660223,4.33285702554929e-06,0.000258844646381541,-4.43674784044855
"206955_at",615.351372093023,982.324965116279,4.90867924030427,4.36901916361972e-06,0.000260307096318017,-4.43685913325525
"218009_s_at",-458.936418604651,350.949925581395,-4.90257883309819,4.47610983507677e-06,0.000265976414546708,-4.43718349147992
"202489_s_at",-424.992230232558,429.620015116279,-4.89646771727232,4.58595237158383e-06,0.000271778661425538,-4.4375083683236
"218313_s_at",-672.373041860465,1148.69371162791,-4.8940321372661,4.63045839809007e-06,0.000273688340808066,-4.43763783338852
"203769_s_at",408.996020930233,426.707584883721,4.8920256396371,4.66743969566295e-06,0.000275144335286925,-4.43774448407619
"222043_at",934.793279069767,1448.20529069767,4.87819656498049,4.93026447011584e-06,0.00028987093189338,-4.43847938204675
"215768_at",506.605046511628,1085.03068604651,4.87588725837207,4.97553633141699e-06,0.00029176283177096,-4.43860207549482
"209540_at",896.283244186047,1062.47521511628,4.86827243444484,5.127706471937e-06,0.000299896806598877,-4.43900659612347
"214677_x_at",-2047.07793953488,1926.5260255814,-4.86633532221332,5.1671343294636e-06,0.000300997810811065,-4.43910948734431
"218418_s_at",1136.68295348837,2611.79324418605,4.86602159628962,5.17354761659732e-06,0.000300997810811065,-4.43912615061874
"217437_s_at",336.243439534884,499.348215116279,4.86353743559613,5.22460418760888e-06,0.000302596349207859,-4.43925808945988
"217730_at",459.459679069768,565.992127906977,4.86336421228243,5.22818267042255e-06,0.000302596349207859,-4.43926728936135
"203397_s_at",-503.3212,510.287830232558,-4.86062403075901,5.28510855781375e-06,0.000305098637289543,-4.4394128146251
"219117_s_at",-431.054174418605,428.002691860465,-4.85654504700093,5.37096735593685e-06,0.000309253916259279,-4.43962941999591
"209576_at",444.028739534884,581.455537209302,4.85497803937494,5.40431137094296e-06,0.000309716878461939,-4.43971262577968
"201465_s_at",317.803586046512,291.56208372093,4.85486116678155,5.40680634213052e-06,0.000309716878461939,-4.43971883139216
"221923_s_at",-645.139930232558,1511.82345348837,-4.84872912244243,5.53929753158346e-06,0.000316492735631472,-4.44004439684246
"215379_x_at",-1133.45715348837,1053.61844651163,-4.84606125880165,5.597922672107e-06,0.000319024324558978,-4.44018602233881
"207302_at",373.669039534884,530.316829069767,4.84531694455868,5.61438618407074e-06,0.000319146345254205,-4.4402255328447
"204053_x_at",476.177348837209,798.544790697674,4.8423094600188,5.68139039730677e-06,0.000322133389880882,-4.44038517068815
"214934_at",129.31988372093,194.162876744186,4.8410991009381,5.70857539885116e-06,0.000322853262976143,-4.44044941280091
"206742_at",601.453279069768,1499.66154651163,4.83702382510814,5.80104179347345e-06,0.000327252188060681,-4.44066569895696
"200972_at",1439.47827906977,2880.20125581395,4.83543962795993,5.8373789219952e-06,0.000328470491209139,-4.44074976962463
"201983_s_at",408.413411627907,679.603624418605,4.83177388911021,5.92231281096847e-06,0.000332029309753696,-4.44094428895217
"206702_at",751.839534883721,1452.17027906977,4.83142644066587,5.93042522469914e-06,0.000332029309753696,-4.44096272490081
"209656_s_at",604.665209302326,1357.4626744186,4.82010995736843,6.20064538315624e-06,0.000346288173114963,-4.44156308230203
"204363_at",201.671206976744,289.409373255814,4.81874142254353,6.23412541704319e-06,0.000347287541669933,-4.4416356711681
"202883_s_at",508.948418604651,1403.56879069767,4.8155158807457,6.31373330056762e-06,0.000350845184879172,-4.44180674594887
"202088_at",-2785.10288372093,4622.24158139535,-4.81208165246792,6.39957936834795e-06,0.00035473091309676,-4.44198887009195
"217781_s_at",586.157627906977,923.019720930233,4.80333989494328,6.62325828109057e-06,0.000366218521780499,-4.44245237469592
"212551_at",474.459906976745,890.67223255814,4.79401319527728,6.87029335731333e-06,0.000378552658487005,-4.44294675164264
"208858_s_at",163.121411627907,314.825238372093,4.79310791817616,6.89474332095789e-06,0.000378552658487005,-4.44299472940786
"208451_s_at",-905.73664883721,1168.87203604651,-4.79301369542441,6.89729297427294e-06,0.000378552658487005,-4.44299972293261
"201346_at",1196.59662790698,2290.76259302326,4.79029126440154,6.97135910788361e-06,0.000381677628995013,-4.44314399703328
"219534_x_at",106.730541860465,129.850510465116,4.78624633389304,7.08283628715536e-06,0.000386830492614419,-4.44335833269987
"205006_s_at",463.946069767442,1002.39122093023,4.77901619563587,7.28643363011177e-06,0.000396977018532471,-4.4437413770727
"203213_at",-414.263290697675,581.59963372093,-4.77525721879861,7.39452321594909e-06,0.000401883319075594,-4.443940486815
"208029_s_at",-1090.65411627907,1180.7553372093,-4.76866358468458,7.58790359813365e-06,0.000411389916976185,-4.44428968488575
"210046_s_at",-402.869779069767,391.181359302326,-4.76711392802086,7.63406157120961e-06,0.000412887849493358,-4.44437174315301
"218656_s_at",806.496674418605,1649.83398837209,4.76368207242881,7.7372569999128e-06,0.000417455926704739,-4.44455345314067
"209529_at",-212.727181395349,285.462437209302,-4.76083016408127,7.82404478824998e-06,0.000420540990935923,-4.44470443973052
"200670_at",-918.203023255814,3075.04895348837,-4.76056434974506,7.83218198799121e-06,0.000420540990935923,-4.44471851179463
"209184_s_at",741.141372093024,1571.03124418605,4.75497466959782,8.00521435858984e-06,0.000428798537385715,-4.44501439625634
"210381_s_at",450.970093023256,1247.83781395349,4.75127528573916,8.12177003957856e-06,0.000433998565448271,-4.44521018785493
"45288_at",133.88933255814,239.142945348837,4.75000314196249,8.16223129851181e-06,0.000435117224939566,-4.44527751075969
"203799_at",479.695786046512,691.126897674419,4.74876054031945,8.20194218995893e-06,0.000435613035819055,-4.44534326734806
"218547_at",492.351474418605,880.016169767442,4.7484894590139,8.21063030310116e-06,0.000435613035819055,-4.44535761217394
"203432_at",-214.328244186047,341.109963953488,-4.74458747354452,8.33668438673667e-06,0.000441250209476611,-4.44556407847229
"219576_at",351.954937209302,626.583836046512,4.74214789038036,8.41644946414546e-06,0.000444416453577141,-4.44569314987654
"210831_s_at",366.17673255814,460.430991860465,4.74068408919974,8.46466593122358e-06,0.000445905794197293,-4.44577059001536
"205619_s_at",430.159220930233,750.805691860465,4.73880743601173,8.52687449624118e-06,0.000448123453772977,-4.44586986548761
"205559_s_at",284.03424744186,406.162687906977,4.73733614783253,8.57595643295298e-06,0.00044964244045998,-4.44594769233918
"202187_s_at",889.608186046512,1434.73404651163,4.73527521116728,8.64517114919299e-06,0.000452207391355557,-4.44605670290707
"208650_s_at",-781.052037209303,558.60088372093,-4.73054049167413,8.80624613655884e-06,0.00045955405775396,-4.44630710879429
"209894_at",402.134644186047,570.963631395349,4.71644611799147,9.30319913052042e-06,0.000484353238844361,-4.44705226179328
"213765_at",631.651044186047,837.831477906977,4.71325888476415,9.41930079958526e-06,0.000488617005633086,-4.44722071273547
"216321_s_at",821.536339534884,1659.72185348837,4.71299569138891,9.42895087834792e-06,0.000488617005633086,-4.44723462206819
"219028_at",217.433109302326,296.059470930233,4.70875792899314,9.5856594213622e-06,0.000495585264237155,-4.44745856167776
"212667_at",1450.90741860465,2731.01724418605,4.70608351020446,9.68585678348627e-06,0.000499606358116724,-4.44759986963645
"206637_at",459.870046511628,699.44411627907,4.70252901519216,9.82060304959137e-06,0.000505386830840749,-4.44778765569241
"206363_at",88.4977511627908,164.684301162791,4.70152814789077,9.85887218689982e-06,0.000506187209540757,-4.44784052746936
"222116_s_at",516.582279069768,810.964279069767,4.69973441003788,9.92782044003012e-06,0.000507165198666353,-4.44793527828673
"216336_x_at",610.611813953489,1889.5896744186,4.69938235365177,9.94140779821697e-06,0.000507165198666353,-4.44795387422979
"209209_s_at",154.428176744186,188.042079069767,4.69925827644548,9.94620077266059e-06,0.000507165198666353,-4.4479604280419
"203282_at",1318.36737209302,2673.18796511628,4.69617052739867,1.00662032578736e-05,0.000512112345194514,-4.4481235141341
"209122_at",769.128441860466,1645.58712790698,4.69472246723313,1.01229642712519e-05,0.000513313094822519,-4.44819998979413
"201561_s_at",-345.426795348837,628.190346511628,-4.69439412901862,1.01358776521074e-05,0.000513313094822519,-4.44821732955151
"217200_x_at",-585.875418604651,1303.36780232558,-4.6865084116564,1.04508723497044e-05,0.000528065280200595,-4.44863371241505
"41644_at",631.786069767442,1085.87322093023,4.68290196718694,1.05980820257288e-05,0.000534291994975824,-4.44882409725623
"204421_s_at",99.171111627907,219.888269767442,4.68164198390892,1.06499859967691e-05,0.00053569669969753,-4.4488906055604
"219209_at",-270.839046511628,309.669781395349,-4.67852689558725,1.07793718110718e-05,0.000540983653302054,-4.44905502134404
"201150_s_at",1300.03706976744,2194.08558139535,4.67042277805788,1.11231733713649e-05,0.000556983533110393,-4.44948266385229
"213227_at",517.241697674419,1118.5881744186,4.66827219299982,1.12161815995765e-05,0.000560381557361799,-4.4495961235196
"208794_s_at",-265.103202325582,311.047929069767,-4.66528506084421,1.13466230278837e-05,0.000565630427137208,-4.44975370085999
"212554_at",608.197604651163,1203.16703488372,4.65615566428396,1.17544820755994e-05,0.000584654294845045,-4.45023517517358
"205883_at",683.679465116279,1432.61105813953,4.6515663745603,1.19648526708787e-05,0.000593792454488174,-4.45047714030927
"202546_at",-556.359534883721,1112.18639534884,-4.65068436983028,1.20057000613623e-05,0.000594495587705191,-4.45052363769013
"211675_s_at",964.615093023257,2035.06484883721,4.64889533171766,1.20889702972329e-05,0.000597291630007187,-4.45061794661402
"219778_at",345.587541860465,688.770368604651,4.63360754804701,1.2823781323196e-05,0.000632195396514992,-4.45142354826059
"200973_s_at",344.443860465116,261.033793023256,4.63013181297438,1.29967962349617e-05,0.000639310398462806,-4.45160663109349
"221651_x_at",-1544.70548837209,2266.68225581395,-4.62879725548876,1.30638280245822e-05,0.000641192246413577,-4.45167692099504
"211719_x_at",-2377.97768372093,2392.80800232558,-4.62661495095406,1.31741639376138e-05,0.000645186582465602,-4.45179185214622
"201010_s_at",1983.73953488372,4450.39465116279,4.62592376330023,1.3209298176846e-05,0.000645488577356707,-4.45182825128829
"200770_s_at",416.079720930233,615.494,4.62221273248119,1.33994968140073e-05,0.000653350082071172,-4.45202366178169
"201448_at",-320.734623255814,386.526762790698,-4.62050419792539,1.34879541278843e-05,0.000656227252907523,-4.45211361679924
"220720_x_at",-165.246204651163,201.85441627907,-4.61747624239303,1.3646117159132e-05,0.000662475879426879,-4.45227302319389
"208051_s_at",-408.770837209302,1049.73134883721,-4.61420839693221,1.38188301496838e-05,0.000669387402713772,-4.45244503457577
"218773_s_at",411.9359,482.247396511628,4.61324855188479,1.38699619285555e-05,0.000669387402713772,-4.45249555371869
"212640_at",904.310139534884,1864.12848837209,4.61308662276557,1.38786061146956e-05,0.000669387402713772,-4.45250407625659
"208740_at",322.705279069768,591.984848837209,4.6108294120667,1.39996474891182e-05,0.000673767051835897,-4.45262286974357
"212646_at",1202.74313953488,2537.71198837209,4.60836690432397,1.41328662173811e-05,0.000678712624831688,-4.45275245400401
"204589_at",699.275139534884,1398.21791860465,4.60056680413561,1.45630120731783e-05,0.000697865802207809,-4.45316282288665
"212530_at",689.574023255814,1783.51515116279,4.59729474475328,1.47472117115606e-05,0.000705176220104516,-4.45333492504919
"200671_s_at",26.6044162790698,60.50985,4.59573193861981,1.4835985152821e-05,0.000707902049593811,-4.4534171156799
"211699_x_at",1653.48660465116,1322.45920930233,4.59326247257865,1.49773182399074e-05,0.000713118765683453,-4.45354697709471
"217794_at",-233.413113953488,340.20725,-4.58399997623161,1.55191617874069e-05,0.000737342179336435,-4.45403393067304
"202260_s_at",529.520581395349,934.877709302326,4.57768015151113,1.58997255638315e-05,0.000753816137742249,-4.45436605980298
"201380_at",547.11523255814,1928.73191860465,4.57700928532618,1.59406508558541e-05,0.000754151853547764,-4.45440131040701
"210751_s_at",218.931627906977,467.161627906977,4.57528497802276,1.60463092448309e-05,0.000757542179878319,-4.45449190886449
"201479_at",-563.882418604651,1242.79451162791,-4.5674196981877,1.65369380807581e-05,0.000779054104130091,-4.4549050720532
"214091_s_at",1384.07125581395,2348.97930232558,4.56044923252548,1.69838840000648e-05,0.000798421702897559,-4.45527110087697
"212390_at",423.30023255814,866.562441860465,4.557816119794,1.71557487338257e-05,0.0008042902302025,-4.45540933728204
"219433_at",-166.606348837209,187.801048837209,-4.55743282232613,1.71809069504281e-05,0.0008042902302025,-4.45542945863608
"218574_s_at",588.628069767442,1691.31724418605,4.54920525835623,1.77296390948245e-05,0.000828238046016716,-4.45586127734973
"201111_at",-587.597581395349,1481.70030232558,-4.5477067760803,1.78313919776485e-05,0.000831248760330423,-4.45593990556817
"214434_at",356.350046511628,886.341720930233,4.54382830924452,1.80973910891622e-05,0.000841887610939043,-4.45614338915614
"37384_at",368.640162790698,839.602220930233,4.54298136357076,1.81559872533452e-05,0.000842853883263107,-4.45618781893533
"209283_at",984.192558139536,1907.67760465116,4.53642545101382,1.86158230414612e-05,0.000860688467373863,-4.45653167120206
"208581_x_at",908.940930232559,2118.35255813953,4.53640303899646,1.86174142294216e-05,0.000860688467373863,-4.45653284650134
"201843_s_at",494.584302325582,1009.19243023256,4.53438856224058,1.8760975908196e-05,0.000865195437628214,-4.45663848145193
"218667_at",589.203651162791,1765.58101162791,4.53394738967359,1.87925589827247e-05,0.000865195437628214,-4.45666161419556
"57588_at",674.086255813954,1339.30019767442,4.528560064336,1.91824128015299e-05,0.000880569552205139,-4.45694405547807
"207196_s_at",511.697209302326,1219.41944186047,4.52824396708773,1.92055289849526e-05,0.000880569552205139,-4.45696062512272
"204424_s_at",1310.9221627907,2676.5376627907,4.52443279599673,1.94863734972897e-05,0.00089161162349098,-4.45716038372958
"202709_at",777.786511627908,1956.91213953488,4.52147474692631,1.97070906530513e-05,0.000899862911930211,-4.45731540013991
"204677_at",189.16403255814,303.140425581395,4.51931417451263,1.98698323315907e-05,0.000905438596819704,-4.45742861002893
"209896_s_at",225.534258139535,307.854370930233,4.51778991638548,1.99854272494904e-05,0.00090884750081713,-4.45750847072037
"202200_s_at",-304.618465116279,775.381255813954,-4.51557023668687,2.01549267953749e-05,0.000914688867171768,-4.45762475555852
"211980_at",1607.73346511628,3583.09561627907,4.51430802080203,2.02519326614223e-05,0.000917223202224538,-4.45769087474356
"201416_at",-686.074651162791,1466.83630232558,-4.50914177637845,2.06537131673838e-05,0.000932487953807159,-4.45796145532897
"217776_at",-395.138362790698,689.286586046512,-4.50890046648726,2.06726674676092e-05,0.000932487953807159,-4.45797409209394
"218024_at",403.031325581395,1087.48531395349,4.50403458861125,2.10584856872916e-05,0.000947972195090745,-4.45822887142964
"243_g_at",504.257720930233,1144.23930232558,4.50067697890444,2.13287699088798e-05,0.000958203588466872,-4.45840463942135
"209146_at",-386.146720930233,754.715895348837,-4.49932634521873,2.14384396479127e-05,0.000961192657292633,-4.45847533519219
"204825_at",-579.337455813954,431.849546511628,-4.49805567759747,2.15421147656294e-05,0.000963901492615501,-4.45854184073294
"201762_s_at",-509.343325581396,989.437197674419,-4.49677931381393,2.16467434507743e-05,0.000964824272528091,-4.45860863991491
"207233_s_at",400.914046511628,1339.70353488372,4.49674777299939,2.16493352001098e-05,0.000964824272528091,-4.45861029056327
"208869_s_at",411.104093023256,951.74088372093,4.49485314217691,2.18055719310316e-05,0.000969847423830692,-4.45870943860123
"213808_at",238.250881395349,349.486954651163,4.49384168699882,2.18894259816321e-05,0.000971637607865953,-4.45876236504633
"202723_s_at",456.664860465116,722.629825581395,4.49000852132921,2.22100557681712e-05,0.00098390988604803,-4.45896291739372
"219048_at",-152.089909302326,319.821722093023,-4.48794990940791,2.23841233038821e-05,0.000989653610278583,-4.4590706076514
"213175_s_at",-1289.97497674419,1383.17274418605,-4.48726932207892,2.24419609353773e-05,0.000990245971332696,-4.45910620797757
"217605_at",199.735651162791,507.135244186047,4.48377569092593,2.27411420435637e-05,0.00100146416631765,-4.45928893322144
"219937_at",46.9285046511628,63.4632081395349,4.48320999955485,2.27899475794107e-05,0.00100163392882053,-4.45931851700176
"53991_at",73.4657930232559,138.31211744186,4.48198067349033,2.28963587468e-05,0.001004329846368,-4.45938280356391
"204798_at",-703.174186046512,926.716046511628,-4.47986129328881,2.30809442268189e-05,0.00101043748567034,-4.45949362473452
"213226_at",-220.895790697674,467.009546511628,-4.47747656519394,2.32903627867947e-05,0.00101760618427087,-4.45961830559676
"218487_at",233.094162790698,470.77938372093,4.47238121341989,2.37440017634024e-05,0.00103539646045772,-4.45988465198766
"219913_s_at",-470.369706976744,660.910402325581,-4.46903292179258,2.40467450933335e-05,0.00104655004084912,-4.46005963495441
"202217_at",507.293860465116,1250.41560465116,4.46501125829618,2.44153144464356e-05,0.00106051939923962,-4.46026976605191
"214297_at",174.190534883721,265.931755813953,4.46080550840412,2.48066025747176e-05,0.00107541930967399,-4.46048946572388
"204735_at",343.198906976744,1181.32954651163,4.4597018052145,2.49102885007257e-05,0.00107781739545956,-4.46054711240997
"212334_at",783.868674418605,1285.62296511628,4.45605858379374,2.52555322184181e-05,0.00109063764423064,-4.46073737361555
"208079_s_at",-435.384511627907,602.819674418605,-4.45517293264821,2.53401566110101e-05,0.00109217545408731,-4.46078361943642
"209220_at",565.022953488372,1425.72361627907,4.44885192700697,2.59521508356299e-05,0.00111639339202769,-4.46111361511119
"213800_at",732.11091627907,1079.6917744186,4.44217808240726,2.66138242015093e-05,0.00114265095314495,-4.46146190349329
"212464_s_at",-2110.84344186047,2529.43320930233,-4.42901608671942,2.79669290409093e-05,0.00119843669195881,-4.4621484008849
"209297_at",789.204104651163,976.290012790698,4.42514691478678,2.8377193993081e-05,0.00121268212174795,-4.46235010835288
"202646_s_at",1044.20462790698,2799.6111744186,4.42485664142194,2.84082065948225e-05,0.00121268212174795,-4.46236523904098
"213451_x_at",249.530739534884,262.612772093023,4.41905960717956,2.90344669126067e-05,0.00123704593922297,-4.46266735958802
"217820_s_at",-723.621465116279,1971.59787209302,-4.41803858373429,2.91461436023871e-05,0.00123943419445037,-4.462720561041
"206378_at",-1866.74618604651,1878.21539534884,-4.41633283463038,2.93336410794846e-05,0.00124503147461744,-4.46280943369791
"210145_at",141.052586046512,217.264386046512,4.41546185303369,2.94298295316241e-05,0.00124673933736346,-4.46285480999852
"202551_s_at",391.97933255814,614.005924418605,4.40600388096489,3.04941751753412e-05,0.00128748135549397,-4.46334739996886
"209392_at",921.800604651164,2021.72848837209,4.40589082689457,3.05071200332459e-05,0.00128748135549397,-4.46335328637662
"208949_s_at",1612.95976744186,4814.47058139535,4.40211068229502,3.0943024336766e-05,0.00130239579631744,-4.46355008500974
"33494_at",204.401590697675,402.677181395349,4.40181463002385,3.09774165080214e-05,0.00130239579631744,-4.46356549594936
"201274_at",-318.200688372093,278.300881395349,-4.39873167379932,3.13377647258203e-05,0.00131506480486903,-4.46372596233153
"205158_at",327.050672093023,452.222998837209,4.39436690845209,3.18548741485076e-05,0.00133425218167518,-4.46395309534605
"212590_at",376.341837209303,1138.84052325581,4.39378325832646,3.19246434739844e-05,0.00133466572332232,-4.46398346270718
"205945_at",226.463581395349,648.475209302326,4.38997525234472,3.23834906887419e-05,0.00135131333898359,-4.46418156718466
"201041_s_at",1944.78820930233,3194.45545348837,4.38345962463554,3.3183419485493e-05,0.00138210492784157,-4.46452042416462
"209541_at",855.757790697675,1727.73491860465,4.38282845853714,3.32619151509923e-05,0.00138278965542829,-4.4645532419228
"222209_s_at",450.231453488372,641.875840697674,4.37661736268167,3.40439991527756e-05,0.00141266747322402,-4.46487612263135
"205480_s_at",1766.18604651163,3997.56279069767,4.37584983219015,3.41418694795584e-05,0.00141409531154833,-4.46491601373046
"206208_at",200.478337209303,390.876273255814,4.37455071534332,3.4308144052965e-05,0.00141834577723974,-4.46498352881202
"206069_s_at",80.3196209302326,160.270261627907,4.37045563543421,3.48374123006677e-05,0.0014375593672144,-4.46519631442586
"221885_at",67.6369627906977,126.79853255814,4.36305976977718,3.58133488926053e-05,0.00147509954412925,-4.46558047537215
"216095_x_at",-688.157906976744,1166.29841860465,-4.35754781255549,3.65578160387096e-05,0.00150240505754879,-4.46586666502924
"204955_at",887.322813953489,1990.71489534884,4.35715720848183,3.66111361239059e-05,0.00150240505754879,-4.46588694203838
"213935_at",269.504441860465,597.489174418605,4.35448696004843,3.69776605384423e-05,0.00151465663562152,-4.46602554632642
"218934_s_at",236.742837209302,432.625906976744,4.3510590689288,3.74533794971168e-05,0.00153131306517539,-4.46620344301201
"204026_s_at",-914.586255813953,1833.02738372093,-4.35016600644916,3.75782851886995e-05,0.00153131306517539,-4.46624978374287
"202016_at",977.981162790698,2272.80339534884,4.35003854193809,3.75961454369087e-05,0.00153131306517539,-4.46625639762074
"48031_r_at",437.580930232558,1072.99346511628,4.3491293267466,3.77237821577322e-05,0.00153131306517539,-4.46630357341109
"211933_s_at",-845.050720930233,1978.68170930233,-4.34907297853114,3.77317061463315e-05,0.00153131306517539,-4.46630649701992
"219362_at",-133.280646511628,211.117704651163,-4.34861176739187,3.77966245948239e-05,0.00153131306517539,-4.46633042641372
"209189_at",1204.01563255814,1283.91756511628,4.34583895253832,3.81891961882678e-05,0.00154440990682971,-4.46647427573007
"205794_s_at",602.562279069768,1886.55290697674,4.34411820849941,3.84347941400945e-05,0.0015515263004053,-4.46656353238002
"212780_at",498.609465116279,1129.79529069767,4.34161859128437,3.87942782494178e-05,0.00156315106081198,-4.46669317232454
"220868_s_at",158.773806976744,309.771891860465,4.34114284095072,3.88630654620041e-05,0.00156315106081198,-4.4667178442345
"204018_x_at",1331.13381627907,1106.37823139535,4.33388433360737,3.99272716900966e-05,0.00160306197309986,-4.46709416853288
"204115_at",689.720537209303,937.805173255814,4.33032842200988,4.04588380216328e-05,0.0016214825317195,-4.46727846337011
"218901_at",848.862372093024,1829.9133255814,4.32276820148044,4.16118035093832e-05,0.00166469626139962,-4.46767014981907
"205730_s_at",417.455837209303,898.371802325581,4.3195329986218,4.21148191692987e-05,0.00168180020707793,-4.4678377024109
"203740_at",-218.858360465116,362.335261627907,-4.31860570350654,4.22600758786557e-05,0.00168458187979264,-4.46788572082102
"212111_at",198.876767441861,343.218430232558,4.31536391172534,4.27716988152603e-05,0.00170193172267937,-4.46805356830108
"210963_s_at",516.716209302326,1251.82377906977,4.31095670452732,4.34768470320545e-05,0.00172690656402009,-4.46828169837805
"207121_s_at",-560.721674418605,933.821093023256,-4.3055863098997,4.43512793347555e-05,0.00175850455056291,-4.46855959491728
"212224_at",218.946546511628,224.785668604651,4.30347510491447,4.4699662633518e-05,0.00176916977346835,-4.46866881388589
"207977_s_at",455.912223255814,523.548425581395,4.30159450814964,4.50122146110811e-05,0.00177838152159347,-4.46876608969237
"209163_at",-437.227465116279,768.028848837209,-4.29922499096033,4.54090279969059e-05,0.00179088384222133,-4.46888863778773
"202759_s_at",864.219069767442,2062.26074418605,4.29474002826185,4.61693674297615e-05,0.00181765373575508,-4.46912053977698
"201009_s_at",1342.87237209302,3182.1603255814,4.29109537748635,4.67962815634954e-05,0.00183908561213293,-4.46930893991033
"212446_s_at",-685.464,1242.19965116279,-4.29050726160741,4.6898209542925e-05,0.00183984648458626,-4.46933933653175
"205530_at",188.651523255814,338.396956976744,4.28958782643779,4.70579887014573e-05,0.0018428702323982,-4.46938685485234
"208781_x_at",684.666093023256,2171.30746511628,4.28794104604719,4.73454793394333e-05,0.00185087599319402,-4.46947195639194
"205890_s_at",-570.641511627907,691.190569767442,-4.2779092166716,4.91337562536103e-05,0.00191742117442942,-4.46999016783587
"215241_at",117.987765116279,199.583859302326,4.27658636287892,4.93743759823991e-05,0.00192344269233531,-4.47005847524719
"208158_s_at",530.404813953488,1211.28643023256,4.27159621524822,5.02923275422991e-05,0.00195578348102103,-4.47031609180888
"36711_at",957.742488372094,2041.51615116279,4.27060788333695,5.04760765467979e-05,0.00195950943151968,-4.47036710381681
"208944_at",1348.62193023256,2810.57624418605,4.26958425622158,5.06670700725096e-05,0.00196350316943605,-4.47041993383365
"216868_s_at",85.7564611627908,107.827929883721,4.2660545115423,5.13310275143408e-05,0.00198312788923332,-4.47060207696071
"217874_at",639.626837209303,1265.30637209302,4.26594653812256,5.13514693752021e-05,0.00198312788923332,-4.47060764792982
"202548_s_at",649.328906976745,2361.18259302326,4.26503999806109,5.15234082590776e-05,0.00198632544331666,-4.47065441986759
"208660_at",716.290209302326,1433.58252325581,4.26307795130118,5.18974428451162e-05,0.0019972896699788,-4.47075563926477
"208790_s_at",154.658569767442,208.62845,4.26074460982139,5.23456681154227e-05,0.00201106641830338,-4.4708759949823
"221973_at",-267.935272093023,500.71143372093,-4.26020313825989,5.24502149295748e-05,0.00201161469754857,-4.47090392169676
"207843_x_at",839.628651162791,1850.98460465116,4.25842840435155,5.27942921193929e-05,0.00202133197817256,-4.47099544711882
"201947_s_at",-977.786365116279,1327.9682755814,-4.25195165545458,5.40685322857993e-05,0.00206656793297507,-4.47132936367714
"211966_at",136.182123255814,257.705775581395,4.24899752692451,5.4659527654207e-05,0.00208557920328543,-4.47148161596451
"203124_s_at",-303.896509302326,442.317747674419,-4.24155076469309,5.6177072382649e-05,0.00213981829726935,-4.47186526966504
"201427_s_at",1364.07488372093,3276.72255813954,4.24073240639677,5.63462977847414e-05,0.00214260162719692,-4.47190741851067
"209100_at",374.442302325582,1038.8726627907,4.23625283275464,5.72813536691919e-05,0.00217381312703142,-4.47213809075604
"210809_s_at",-1623.85930232558,3329.025,-4.23586879252317,5.73622096977281e-05,0.00217381312703142,-4.47215786311722
"200736_s_at",988.765351162791,1499.38509186047,4.2252167615298,5.96492399853634e-05,0.00225664518606766,-4.47270606290619
"203693_s_at",-172.191097674419,216.495076744186,-4.22227788665567,6.02955341002462e-05,0.00227722946839964,-4.47285723458345
"215587_x_at",-72.4650674418605,118.368524418605,-4.21857296325873,6.11199098173369e-05,0.00230445846101475,-4.47304776388139
"201327_s_at",-408.04988372093,886.183011627907,-4.21647206139317,6.15921909576586e-05,0.00231834255254984,-4.47315578151767
"213502_x_at",-566.471493023256,483.14198372093,-4.21412102658314,6.21248701613944e-05,0.00233148357797622,-4.4732766396703
"219976_at",-101.045276744186,164.687501162791,-4.21400807079497,6.2150574218816e-05,0.00233148357797622,-4.47328244578299
"202297_s_at",-190.674409302326,503.420423255814,-4.21066917065715,6.29150133773078e-05,0.00235619368585975,-4.47345404857716
"214733_s_at",-250.166906976744,501.286337209302,-4.209525104032,6.31790239444967e-05,0.00236211105797856,-4.47351283801824
"204290_s_at",283.978302325582,505.016337209302,4.19879709767796,6.57071464022517e-05,0.0024525164879085,-4.47406386503843
"201340_s_at",-124.846806976744,130.447998837209,-4.19698362162508,6.61440188974772e-05,0.00246469426938542,-4.47415696715781
"209542_x_at",560.757523255814,645.518052325581,4.19223540022642,6.73011712241836e-05,0.0025028816282243,-4.47440067538408
"220926_s_at",-97.5201953488373,182.514369767442,-4.19186000468763,6.73934827866347e-05,0.0025028816282243,-4.47441993924736
"202018_s_at",-1056.07840232558,852.582359302326,-4.18526250462187,6.90358769362782e-05,0.00255961139063409,-4.47475840723175
"212442_s_at",-489.600581395349,749.535709302326,-4.18440460864204,6.92522535098137e-05,0.00256336871255678,-4.47480240679293
"202956_at",-458.788627906977,1020.09589534884,-4.18331586630215,6.95277937945906e-05,0.00256929988246246,-4.47485824175489
"219288_at",-326.641925581395,586.277990697674,-4.18134739907173,7.0028657288545e-05,0.00258352412311365,-4.47495918053013
"209135_at",1306.016,2891.27602325581,4.17931219745188,7.05501520908288e-05,0.00259846122155362,-4.47506352513901
"202189_x_at",-532.383488372093,738.927939534884,-4.17567692224395,7.14909616790892e-05,0.00262876749025601,-4.47524986438853
"215017_s_at",-439.047209302326,833.625279069767,-4.17329123036468,7.21149293058121e-05,0.00264734261898091,-4.47537212306037
"203721_s_at",-577.355651162791,1381.38438372093,-4.16360503457292,7.47025796411515e-05,0.0027306463255215,-4.47586827361075
"216044_x_at",402.756883720931,1199.73186046512,4.16351055073352,7.47282555632574e-05,0.0027306463255215,-4.4758731114437
"202886_s_at",463.175441860465,1563.29434883721,4.16333399587857,7.4776256992517e-05,0.0027306463255215,-4.47588215144224
"202439_s_at",225.086255813953,693.503337209302,4.16273898692024,7.49382455817659e-05,0.0027306463255215,-4.47591261628804
"212509_s_at",1316.51274418605,3876.7343255814,4.16252390651874,7.49968833289573e-05,0.0027306463255215,-4.4759236281926
"201035_s_at",642.455186046512,1554.29075581395,4.16098111076971,7.5418794509351e-05,0.00273847232816859,-4.47600261233168
"200729_s_at",-307.217353488372,541.082586046512,-4.16083957817106,7.54576138534092e-05,0.00273847232816859,-4.47600985767607
"201464_x_at",940.504697674419,1769.78262790698,4.15733815293193,7.64241234736718e-05,0.00276903860709566,-4.47618907697926
"210495_x_at",-1968.72246511628,3070.15827906977,-4.1531620001488,7.75924593241806e-05,0.00280680644662454,-4.47640276685945
"212566_at",738.138069767442,2237.46677906977,4.15216629436597,7.78735480397112e-05,0.00281240886704844,-4.47645370571428
"218865_at",297.332720930233,417.991709302326,4.14673562757071,7.94239551942234e-05,0.00286344688255377,-4.47673145936488
"207160_at",119.197395348837,165.02283255814,4.14632023517056,7.95437607279443e-05,0.00286344688255377,-4.47675269980239
"203316_s_at",-694.115418604651,1850.0845,-4.14446769615066,8.00801809505123e-05,0.00287810753567785,-4.47684741784509
"216862_s_at",290.844637209303,426.633469767442,4.13923057015966,8.16155286922629e-05,0.00292856493695603,-4.47711510922171
"201307_at",957.985441860466,2282.38851162791,4.13693508306871,8.22973759016131e-05,0.00294828364504123,-4.47723240544778
"214669_x_at",-685.891953488372,1398.39906976744,-4.13614917209856,8.25320777981131e-05,0.00295194589016911,-4.47727255940113
"204093_at",559.501813953489,1685.55044186047,4.13553469373483,8.27160318765785e-05,0.00295378419600288,-4.47730395269462
"213359_at",-314.696462790698,398.135343023256,-4.13425322518632,8.31009296965819e-05,0.00296278082628629,-4.47736941703536
"213010_at",273.541255813954,507.563255813954,4.13174875872651,8.38581414464235e-05,0.00298500154289242,-4.47749733902205
"218976_at",-597.364883720931,833.954395348837,-4.13072626885154,8.41691891695912e-05,0.00299129512323126,-4.47754955778629
"214836_x_at",-1787.09913953488,2609.17773255814,-4.12777547690943,8.5073071239517e-05,0.00301860389558942,-4.47770023088091
"213689_x_at",622.742023255814,2140.06368604651,4.11577927250323,8.88447583811756e-05,0.00314742090780244,-4.47831240432284
"201724_s_at",-401.556674418605,904.812220930233,-4.11387909842073,8.94567430284154e-05,0.00316407080143203,-4.47840931570464
"212739_s_at",265.254,623.717137209302,4.11145262319306,9.02441249599963e-05,0.0031868618644748,-4.47853304690611
"201849_at",754.999141860466,1530.33594069767,4.11043292670788,9.05769966300551e-05,0.00319355572137266,-4.47858503597351
"214428_x_at",-1111.42348837209,2804.8938372093,-4.10937196871653,9.09245903570989e-05,0.00319632003059489,-4.47863912406326
"216063_at",198.514390697674,306.943258139535,4.10931806889874,9.09422833279702e-05,0.00319632003059489,-4.47864187177117
"217871_s_at",-624.746651162791,1519.80193023256,-4.10570256594517,9.21366810387515e-05,0.00323319947021496,-4.47882615483986
"218585_s_at",-457.439720930233,876.453488372093,-4.10242496062664,9.32324691270976e-05,0.00326650803389798,-4.47899316698359
"205208_at",186.305867441861,150.998022093023,4.10107874026743,9.36861642346094e-05,0.00327725085971711,-4.47906175105279
"204005_s_at",-109.006344186047,289.884339534884,-4.09846555452194,9.4572907807152e-05,0.00329844286615549,-4.47919485931472
"203229_s_at",-236.89208372093,430.556190697674,-4.09842120538448,9.4588026364195e-05,0.00329844286615549,-4.47919711808088
"208782_at",1778.28209302326,4643.78220930233,4.0958402655157,9.5471876345909e-05,0.00332406221971233,-4.47932855454025
"212116_at",-227.681351162791,338.484998837209,-4.09483693004648,9.58176088704141e-05,0.00333089513020193,-4.4793796424738
"204415_at",-266.999430232558,256.479838372093,-4.09040249709208,9.73600993253306e-05,0.00337924469356128,-4.47960538333566
"200675_at",1291.99720930233,3465.63302325581,4.08887679482119,9.78963002289593e-05,0.0033925711633,-4.47968303162918
"217979_at",-1291.65976744186,3758.23406976744,-4.08507360229688,9.92452925722648e-05,0.00343397958755866,-4.4798765453648
"204351_at",-647.250511627907,653.604488372093,-4.08436786027898,9.94975756990609e-05,0.00343737128573981,-4.47991244795882
"200986_at",739.320904651163,1476.40910581395,4.07712812811167,0.000102121403807094,0.00352255610067102,-4.48028062305281
"201278_at",867.534418604652,2967.0288372093,4.07618910049454,0.000102466556727565,0.00352899889267438,-4.48032836031553
"213085_s_at",-313.345558139535,1017.82098837209,-4.0746525564244,0.000103033753059642,0.00354305728306792,-4.48040646512592
"220392_at",45.3973348837209,108.158965116279,4.07357477760985,0.000103433399770891,0.00355131964113215,-4.48046124403257
"209822_s_at",623.684209302326,1750.39952325581,4.07156544889747,0.000104182448831829,0.0035715346266456,-4.48056335601428
"201032_at",925.362372093023,2693.33072093023,4.0704956553279,0.000104583374793014,0.00357893220364009,-4.48061771455183
"213511_s_at",-495.912651162791,1111.87486046512,-4.07013342495867,0.000104719463123159,0.00357893220364009,-4.4806361191214
"219392_x_at",-417.552069767442,1057.53196511628,-4.06852035871673,0.000105327552291399,0.00358933421834831,-4.48071807040568
"201061_s_at",1038.54813953488,3009.80360465116,4.06847160298498,0.000105345984777624,0.00358933421834831,-4.48072054724528
"221012_s_at",789.56223255814,2266.36225581395,4.06657897371525,0.000106063906736276,0.00360827791420526,-4.48081668657369
"201631_s_at",-1443.28279069767,3209.71627906977,-4.06573676144725,0.000106384887281847,0.00361314972000503,-4.48085946308712
"200608_s_at",-789.652372093023,1694.16990697674,-4.06535312023563,0.000106531408070875,0.00361314972000503,-4.48087894743485
"222162_s_at",850.571125581396,1283.21373953488,4.06104478577135,0.000108190215578115,0.00366383369867344,-4.481097714056
"203569_s_at",-439.54,1426.68074418605,-4.05937499888302,0.000108839766310515,0.00368023750029926,-4.48118247954894
"209138_x_at",-1813.94869767442,1860.71704651163,-4.05643433546085,0.000109992803610632,0.00371359036796319,-4.48133172994609
"201681_s_at",-333.712674418605,912.770779069767,-4.0547557835638,0.00011065621306716,0.00373033645351819,-4.48141690584535
"221795_at",640.169093023256,1128.90347674419,4.05419524692049,0.000110878606651067,0.00373218729910229,-4.4814453467316
"214213_x_at",181.502279069768,708.672465116279,4.04762870526689,0.000113516050232132,0.00381520082552429,-4.48177841946293
"218999_at",434.765069767442,1220.73027906977,4.04544934660836,0.000114404618590931,0.00383927427117728,-4.48188891958395
"201385_at",-630.89711627907,1070.3903255814,-4.04420781687663,0.000114913795746214,0.0038505625723502,-4.48195185934851
"206496_at",137.637397674419,260.643789534884,4.04378677145982,0.000115086968536108,0.00385057495478994,-4.48197320280681
"214433_s_at",529.227488372093,1133.72804651163,4.04328438770499,0.000115293922865133,0.0038517158668722,-4.48199866838652
"202108_at",306.247634883721,466.178089534884,4.04214276163738,0.000115765538414288,0.00386168187497842,-4.48205653259642
"221794_at",221.249088372093,627.617362790698,4.04026164746395,0.000116546683884184,0.00388192788787933,-4.48215186547717
"209104_s_at",-629.200258139535,811.763515116279,-4.03830165118994,0.000117365965176515,0.00390338179407205,-4.4822511789646
"210766_s_at",-430.563941860465,762.432808139535,-4.03690010882436,0.000117955197625318,0.00391713214409086,-4.48232218476726
"218123_at",-201.269186046512,225.892395348837,-4.03532211934244,0.000118622008407695,0.00393341400795933,-4.4824021191591
"213943_at",465.765086046512,792.094289534884,4.03422782541944,0.000119086546170644,0.00394295023524586,-4.48245754489066
"212262_at",406.72611627907,1266.20556976744,4.03354199131283,0.000119378578237301,0.00394675498347446,-4.4824922794477
"212062_at",636.956530232559,1087.97785116279,4.03249626303803,0.000119825178202981,0.00395565103095856,-4.48254523697435
"205168_at",214.148930232558,444.460395348837,4.03112019142158,0.000120415301126978,0.00396925170859829,-4.48261491606877
"203192_at",242.331930232558,820.187872093023,4.02662671408704,0.0001223617913402,0.00402745612471739,-4.48284238858048
"213364_s_at",152.160304651163,170.948838372093,4.02382254331615,0.000123591762918446,0.00406193990134473,-4.4829842967244
"213793_s_at",-105.458827906977,107.4973,-4.02061293474073,0.000125014124331655,0.00410263583576181,-4.4831466781207
"213720_s_at",-247.920644186046,347.604401162791,-4.01955025216173,0.000125488509939797,0.00411214774557133,-4.48320043118983
"210839_s_at",569.914302325582,1118.90405813953,4.01655321876319,0.000126835716272986,0.00415019128591915,-4.48335200033816
"212592_at",-766.106586046512,1113.33561395349,-4.01496993825832,0.000127553010338704,0.0041675421251867,-4.4834320549076
"201689_s_at",-472.496827906977,561.285288372093,-4.00815374878487,0.000130685704372735,0.00426364502274911,-4.48377656543216
"214280_x_at",-694.232627906977,1606.61005813953,-4.00631349986062,0.000131544042300061,0.00428537411487171,-4.48386954002467
"209366_x_at",748.915418604652,1840.54301162791,4.00543996104675,0.00013195337197943,0.00429243355885786,-4.48391366814989
"212236_x_at",-554.854046511628,933.796186046512,-4.00349184683924,0.000132870637909081,0.00431597146432661,-4.48401206722019
"202609_at",552.805186046512,1883.65745348837,4.00272043196577,0.000133235544192576,0.00432152493630738,-4.48405102640747
"200831_s_at",151.906695348837,383.035210465116,4.00012580621252,0.000134469956770972,0.00435522390512729,-4.48418204374982
"204422_s_at",173.322813953488,221.115153488372,3.99779520980796,0.000135588096480438,0.00438506466454803,-4.48429970181884
"219371_s_at",1130.90310232558,1349.65628604651,3.99288277082954,0.00013797417895746,0.00445576613001315,-4.48454761815921
"216720_at",39.6447139534884,106.122603488372,3.99128832827142,0.000138757250194375,0.00447030878298613,-4.48462806050523
"206701_x_at",265.345074418605,602.998486046512,3.99114930997906,0.000138825727138464,0.00447030878298613,-4.48463507364548
"212012_at",797.36269767442,1800.59806976744,3.99000585306122,0.000139390195677635,0.00448200826880914,-4.48469275484186
"217986_s_at",-245.01583255814,472.027339534884,-3.98940511221108,0.000139687632709167,0.00448510017241841,-4.48472305647744
"204036_at",364.439674418605,1184.30462790698,3.98674654264994,0.000141011254124179,0.00452108456927926,-4.48485713537057
"209309_at",-783.204111627907,1041.3431255814,-3.98478722822109,0.00014199442220258,0.00454606567520129,-4.48495592744873
"200845_s_at",1177.10604651163,3247.19302325581,3.98248069281416,0.00014316024226776,0.00457431929765196,-4.48507220361701
"209311_at",313.3348,593.969286046512,3.98223005179846,0.000143287477887227,0.00457431929765196,-4.48508483730829
"221691_x_at",-868.678325581395,1521.14125581395,-3.98175148022035,0.000143530721420776,0.0045755294212005,-4.48510895912678
"209488_s_at",41.9941930232558,151.278945348837,3.98076272165303,0.000144034531528699,0.00458503066579144,-4.48515879284025
"204112_s_at",427.528495348838,476.159647674419,3.97903061618533,0.000144921192232584,0.00460667464553307,-4.48524608020013
"41577_at",83.4019418604651,159.584126744186,3.9752411057877,0.00014687930705929,0.00466226723533071,-4.48543699795539
"219494_at",-103.133465116279,185.804860465116,-3.97474873832529,0.000147135576137427,0.00466375824049826,-4.48546179866651
"208900_s_at",-212.363197674419,448.376854651163,-3.97290171095178,0.000148100746184409,0.00468768313526588,-4.48555482367445
"205286_at",-347.49111627907,1122.87202325581,-3.96979280535682,0.000149739026736011,0.00473281522377096,-4.48571136578981
"212501_at",912.067906976745,1903.62460465116,3.96839532036726,0.000150481093572179,0.00474495225857108,-4.48578171791531
"210157_at",48.5237139534884,175.784619767442,3.96826794528921,0.00015054890485167,0.00474495225857108,-4.4857881297574
"203767_s_at",295.572641860465,502.689013953488,3.96730237365028,0.000151063903693512,0.00475445899152899,-4.48583673242501
"205709_s_at",-69.3699441860465,74.7416860465116,-3.96503877014164,0.00015227784652825,0.00478590585922286,-4.48595065470738
"222018_at",-250.576,462.248511627907,-3.96450726778649,0.000152564236357481,0.00478815335035741,-4.48597740048318
"201493_s_at",-363.497093023256,786.739709302326,-3.96057510313622,0.000154699092167732,0.00484832611923147,-4.48617522876773
"221760_at",501.396290697675,1075.31831976744,3.95231396539069,0.000159277816545037,0.00498481402538352,-4.48659060402688
"203669_s_at",209.153776744186,287.288265116279,3.94603014138895,0.000162847219294465,0.00508937529809056,-4.48690633537005
"201939_at",-406.817595348837,820.275074418605,-3.9450934199822,0.000163385820811171,0.00509905636573576,-4.48695338442931
"202949_s_at",-362.484790697674,872.385372093023,-3.94433211439959,0.000163824816610239,0.005104218274476,-4.48699161963237
"212460_at",-451.414651162791,1015.34104651163,-3.94401268465131,0.000164009347238918,0.005104218274476,-4.48700766156719
"212136_at",462.650883720931,1213.4833255814,3.94096222793587,0.00016578161105603,0.00515217801835638,-4.48716083182773
"219676_at",-110.894011627907,230.388698837209,-3.93804437993252,0.000167493975874001,0.00519814521504229,-4.48730730052789
"207069_s_at",322.902339534884,588.812876744186,3.93447683269281,0.000169610632984479,0.00525009911834238,-4.48748632525635
"201028_s_at",395.521302325581,1308.10190697674,3.93442889553836,0.000169639248090765,0.00525009911834238,-4.48748873038308
"212647_at",533.125372093023,1307.64161627907,3.93341438250753,0.000170245925732284,0.00525899211320943,-4.48753962835922
"218581_at",586.534651162791,2259.1426744186,3.93315959626185,0.000170398613550115,0.00525899211320943,-4.48755241014629
"209439_s_at",54.2711744186046,124.852289534884,3.92761847013319,0.000173751892011958,0.00535506695671156,-4.4878303103003
"202936_s_at",-337.978395348837,1029.14201162791,-3.92612181731684,0.000174668385379462,0.00537587794393722,-4.48790534460577
"202934_at",877.690434883721,1782.22351976744,3.92354497594644,0.00017625719428683,0.00541729525557714,-4.48803450765101
"205863_at",255.569718604651,407.434568604651,3.9197100540292,0.000178647329138881,0.00548319343691694,-4.48822666983965
"203505_at",581.050088372093,1086.10567674419,3.91846503829437,0.000179429937427793,0.00549963864608459,-4.48828903983567
"207941_s_at",-706.587162790698,2496.87409302326,-3.9164432735665,0.0001807077973176,0.00553006154731558,-4.48839030504298
"204070_at",-404.945441860465,680.598255813954,-3.91573612666099,0.000181156802441157,0.00553006154731558,-4.48842571942806
"203430_at",535.381581395349,1495.63165116279,3.91532389372002,0.000181419043271135,0.00553006154731558,-4.48844636316375
"203897_at",317.187060465116,747.603190697674,3.91516257461839,0.000181521764799923,0.00553006154731558,-4.48845444144283
"200758_s_at",194.156744186047,490.187674418605,3.91494032114782,0.000181663378029664,0.00553006154731558,-4.48846557088049
"202220_at",-612.196162790698,1906.99308139535,-3.91314122860846,0.000182813602570614,0.00555748363721828,-4.48855565203446
"221478_at",833.773627906977,1725.03248837209,3.91112570096589,0.000184110475923464,0.00558425190110003,-4.48865655074598
"209806_at",-612.172953488373,813.975290697674,-3.91099425703267,0.000184195357326595,0.00558425190110003,-4.48866313020688
"201074_at",-269.159962790698,435.609302325581,-3.91035520525196,0.000184608565904783,0.00558917482888081,-4.48869511686715
"204224_s_at",-362.087509302326,540.329252325581,-3.90963351011646,0.00018507627746275,0.00559573228046467,-4.48873123761533
"214289_at",44.7514511627907,136.003853488372,3.90766849252011,0.000186355504925634,0.0056267746832763,-4.4888295731153
"210203_at",144.916706976744,286.64766744186,3.90722748288495,0.000186643762205271,0.00562785244008126,-4.48885163989761
"220161_s_at",1013.15186046512,3067.50453488372,3.90608700894271,0.000187391189402832,0.00563971898141121,-4.4889087011706
"211964_at",617.230441860465,1637.61936046512,3.90585514015882,0.000187543497968214,0.00563971898141121,-4.48892030144121
"205392_s_at",1221.28172093023,3259.05053488372,3.90245988653283,0.000189787357172823,0.00569950361170083,-4.48909013283949
"221984_s_at",-612.42134883721,1982.12013953488,-3.89528307181474,0.000194615168141126,0.00583662152313421,-4.48944892532413
"213564_x_at",1510.86925581395,4153.15606976744,3.89380731309194,0.000195622356568229,0.00585894216587345,-4.48952267066649
"217943_s_at",254.147609302326,340.797711627907,3.88992169540785,0.000198298138018322,0.00593111061672789,-4.48971678591928
"210096_at",532.2191,1086.93005465116,3.88685424802744,0.000200435175913259,0.00598699333093184,-4.48986997265162
"201802_at",238.184753488372,414.082648837209,3.88147433778029,0.000204236541166894,0.00608911120836803,-4.49013852525181
"221570_s_at",357.043697674419,1200.7986627907,3.88124452577375,0.000204400448048256,0.00608911120836803,-4.49014999359632
"201247_at",-152.348895348837,344.092622093023,-3.87821897680645,0.00020657009284078,0.00614552921064233,-4.49030095249345
"213756_s_at",100.518886046512,194.977612790698,3.87675794662999,0.000207625673274396,0.00616475624900621,-4.49037383315125
"203685_at",672.410325581395,1945.19865116279,3.87655916716394,0.000207769687340289,0.00616475624900621,-4.49038374802161
"213648_at",-298.214953488372,499.239127906977,-3.86600599978734,0.000215553941888358,0.00638721873284346,-4.49090983076448
"219148_at",-206.542441860465,481.082313953488,-3.86426135418284,0.000216867380534641,0.00641760403778672,-4.49099674640537
"212006_at",-222.991346511628,317.769901162791,-3.86261560262724,0.00021811337363223,0.00644591552340448,-4.49107872063372
"218780_at",127.863874418605,260.948162790698,3.85920331199222,0.000220718633477786,0.00651426928448412,-4.49124864004454
"200910_at",-653.417255813953,1279.99537209302,-3.85637403957247,0.000222901279427828,0.006569985726839,-4.49138948073905
"218732_at",-171.263958139535,333.217586046512,-3.85549695939736,0.000223582080000829,0.00658134674855808,-4.49143313304989
"213381_at",166.381281395349,317.07103372093,3.85504348401541,0.000223934851718291,0.00658263068244248,-4.49145570093942
"203186_s_at",765.504720930233,957.644620930233,3.85440545402578,0.000224432094204088,0.00658263068244248,-4.49148745162554
"205644_s_at",-885.300534883721,2227.06143023256,-3.85430314062489,0.000224511929213135,0.00658263068244248,-4.49149254291088
"203088_at",38.6404395348837,109.812105813953,3.85322443438722,0.000225355294497753,0.00659867546293486,-4.49154621775669
"213089_at",-358.142790697675,912.476465116279,-3.8470635866641,0.000230230324274936,0.00672753130674249,-4.49185265417264
"208250_s_at",252.904255813954,854.237918604651,3.84690172318051,0.000230359753491205,0.00672753130674249,-4.49186070243209
"204304_s_at",-504.774046511628,992.155697674419,-3.84160528739191,0.000234633428587446,0.00684337262986133,-4.49212397743689
"221872_at",-475.431011627907,614.933003488372,-3.83850138084583,0.000237173032644668,0.00690840089728253,-4.49227819659608
"203804_s_at",-583.995976744186,2060.98759302326,-3.83810065181015,0.000237502814079022,0.00690897546491233,-4.49229810325732
"201277_s_at",-835.025511627907,1386.69412790698,-3.83692987333034,0.000238468820428586,0.00692803223677989,-4.49235625804723
"209191_at",834.725581395349,2067.10881395349,3.83527071044663,0.000239844218279697,0.00695891759886261,-4.49243865921234
"204482_at",402.904518604651,546.519926744186,3.82637273648682,0.00024735054050617,0.00716737593510923,-4.49288031791201
"216207_x_at",-699.239976744186,807.582965116279,-3.82590476420327,0.000247751464660318,0.00716966998315048,-4.49290353428799
"201136_at",-308.812209302326,565.234802325581,-3.82478261414447,0.000248715368419579,0.00718822899415497,-4.49295919997038
"215946_x_at",-495.615276744186,684.201501162791,-3.82417777638372,0.000249236395016878,0.0071939567230066,-4.49298920088747
"218496_at",293.3012,614.79628372093,3.822430973337,0.000250747001990478,0.00722819591895707,-4.49307583396317
"202375_at",-141.054662790698,300.992173255814,-3.82137287944799,0.000251666269538229,0.00724532233090485,-4.49312830230347
"212494_at",222.036627906977,612.079151162791,3.82021798692906,0.000252673306060531,0.00726040111356644,-4.49318556371182
"214774_x_at",-335.899495348837,440.275131395349,-3.82002531497727,0.0002528416848776,0.00726040111356644,-4.49319511598783
"202432_at",666.337744186047,1166.56208139535,3.81774538330377,0.00025484229786302,0.00730148064364673,-4.4933081349338
"220157_x_at",165.328930232558,282.066860465116,3.81732385311119,0.000255213836366124,0.00730148064364673,-4.49332902758961
"222247_at",169.465934883721,334.743186046512,3.81727686853822,0.00025525528077013,0.00730148064364673,-4.49333135626556
"205959_at",-200.163637209302,222.674769767442,-3.81679397705547,0.000255681604624384,0.00730429896903225,-4.49335528890864
"204285_s_at",-236.804527906977,364.190729069767,-3.81524093746218,0.00025705732676066,0.00733419771089345,-4.49343225066795
"207578_s_at",131.652076744186,315.372403488372,3.81447784721989,0.000257735876593473,0.00734415414083423,-4.49347006121466
"214660_at",106.381118604651,177.398745348837,3.8137746942683,0.000258362642051553,0.00735261143401629,-4.4935048990977
"202376_at",-922.086023255815,1494.03731395349,-3.81044771348346,0.000261347964250919,0.00742808250944288,-4.49366969849727
"212130_x_at",1293.42463023256,3097.53766162791,3.80644475356452,0.000264983472602904,0.00751649591870898,-4.49386790158943
"202884_s_at",488.089186046512,1087.2005,3.80625915958514,0.000265153194824297,0.00751649591870898,-4.49387708898012
"211657_at",-852.902627906977,1707.1455,-3.80591233134615,0.000265470640758604,0.00751649591870898,-4.49389425738364
"209173_at",-1347.85100930233,1027.74744186047,-3.8043688134109,0.000266887798329089,0.00754703148498361,-4.49397065530217
"215492_x_at",224.371395348837,607.360511627907,3.80282378338827,0.000268313569265817,0.00756918277602874,-4.4940471149273
"204755_x_at",367.672088372093,945.284025581395,3.80278385793034,0.000268350509045582,0.00756918277602874,-4.49404909056283
"213764_s_at",575.990657441861,501.874265930233,3.79791299130738,0.000272893703397706,0.00768759847384462,-4.49429005015
"217865_at",364.351823255814,494.433809302326,3.79497561231696,0.00027566883800516,0.00775597060261235,-4.49443529755508
"216929_x_at",63.7258395348837,165.705454651163,3.79298712096436,0.000277562750045433,0.00779940827145319,-4.49453359725004
"209035_at",-165.695118604651,180.530943023256,-3.79204540741832,0.000278463995862889,0.00781487811059541,-4.494580142548
"205792_at",204.926469767442,301.895888372093,3.7864467900405,0.000283879903937425,0.00795685018797188,-4.49485675892093
"209064_x_at",-501.02188372093,1666.72670930233,-3.78045325317614,0.000289789090799884,0.00811227425916308,-4.49515269357123
"212144_at",297.541209302326,831.138581395349,3.77989813246811,0.000290342292993756,0.00811756250286056,-4.49518009282883
"209780_at",-394.206560465116,787.360138372093,-3.7790795374843,0.000291159895945602,0.0081302205029522,-4.49522049331078
"214344_at",256.570720930233,591.781639534884,3.77429565957199,0.000295982038976854,0.00825452787799904,-4.49545651888176
"200653_s_at",355.772569767442,721.468389534884,3.77145944885145,0.000298876776658233,0.00832483901784427,-4.49559639018422
"211430_s_at",-1805.91302325581,3277.86162790698,-3.76935215672215,0.000301045003246413,0.00836346223887613,-4.49570028455451
"207542_s_at",684.198325581396,1996.89339534884,3.76903736130969,0.000301370185317887,0.00836346223887613,-4.49571580254138
"202596_at",-541.337255813953,1178.46727906977,-3.76901876278251,0.000301389407970988,0.00836346223887613,-4.49571671934693
"203744_at",-533.058418604651,1244.27369767442,-3.76571201648954,0.000304825755472028,0.0084482988920189,-4.49587969271806
"212117_at",609.230023255814,1598.24461627907,3.76415427758932,0.000306457452345761,0.00847908970927923,-4.49595644459085
"218816_at",-152.452709302326,255.421722093023,-3.76389445721181,0.000306730416929685,0.00847908970927923,-4.49596924494771
"201361_at",332.217209302326,1125.36506976744,3.76327475206207,0.000307382408209062,0.00847908970927923,-4.49599977390462
"222330_at",44.8504162790698,68.6142058139535,3.76318190100094,0.000307480210405114,0.00847908970927923,-4.49600434790184
"205739_x_at",-244.417667441861,538.888787209302,-3.76284121182684,0.000307839320325221,0.00847908970927923,-4.49602113039601
"203498_at",273.287930232558,1089.31563953488,3.76168174649325,0.000309064473371512,0.00850232550634248,-4.49607824121182
"203066_at",-355.477325581396,788.102453488372,-3.75981654945991,0.000311045092857372,0.0085462611641687,-4.4961700976237
"212540_at",192.871209302326,749.387488372093,3.75746247069535,0.000313562112316546,0.00860419746424419,-4.49628600199105
"222033_s_at",344.247534883721,1141.65690697674,3.75712365155077,0.000313925976683145,0.00860419746424419,-4.49630268133796
"219939_s_at",1134.87744186047,3645.37476744186,3.75380952504678,0.000317506353202991,0.00869163890469563,-4.49646579418844
"217198_x_at",249.213348837209,724.451627906977,3.75237607355396,0.0003190669857405,0.0087236437340559,-4.49653632556215
"201865_x_at",1144.40627906977,3146.87941860465,3.75055691990095,0.000321058063009338,0.00874898289530112,-4.49662581803882
"201466_s_at",669.293604651163,1591.8568255814,3.75050759656418,0.000321112212203197,0.00874898289530112,-4.49662824421497
"209357_at",193.581690697675,295.060736046512,3.75045345970178,0.000321171655897155,0.00874898289530112,-4.49663090714861
"201677_at",579.877744186047,2419.22703488372,3.74895984384572,0.000322815824792587,0.008783034217159,-4.49670436986583
"216420_at",123.076237209302,261.458309302326,3.74852288648464,0.000323298340070178,0.0087854352582729,-4.49672585896556
"201989_s_at",637.431860465117,1935.74846511628,3.74697532425303,0.000325012783933387,0.00882126658268899,-4.49680195761629
"218053_at",-429.745046511628,1218.68252325581,-3.7445629103505,0.000327702620335927,0.00888345193302368,-4.49692055636498
"32625_at",30.3455069767442,131.679288372093,3.7438591084226,0.000328491343935023,0.00889401290024803,-4.49695515026322
"203860_at",279.318651162791,860.565465116279,3.7430865770384,0.000329359170994697,0.00890668738746945,-4.49699311912733
"212026_s_at",97.0436023255814,172.474091860465,3.74131081943393,0.000331362261494802,0.00894999427016809,-4.49708038214619
"218088_s_at",509.554162790698,1767.98084883721,3.73987110717268,0.000332994795530541,0.0089831997927446,-4.497151118104
"208070_s_at",382.585555813954,824.101068604651,3.73821380332768,0.000334883545052864,0.00901342732324172,-4.49723252994399
"201377_at",-164.906190697675,351.350625581395,-3.73817815450543,0.000334924284146845,0.00901342732324172,-4.4972342809488
"212328_at",553.820862790698,996.479545348837,3.73733942463786,0.000335884138296774,0.00901899986050101,-4.49727547570077
"222266_at",-367.433190697674,816.767823255814,-3.73728994381569,0.000335940846574332,0.00901899986050101,-4.49727790585568
"209663_s_at",52.7875325581396,114.092394186047,3.73616536414257,0.000337232149384476,0.00904277254480659,-4.49733313358954
"221104_s_at",382.939372093024,1212.43361627907,3.73572480526843,0.00033773930987118,0.00904548682915805,-4.49735476729213
"216442_x_at",-1742.66393023256,3290.85059302326,-3.7348663956281,0.000338729576365202,0.00906111782730587,-4.49739691638096
"214773_x_at",-219.808323255814,501.867536046512,-3.73389686474232,0.000339851356977546,0.00908022516490488,-4.49744451653589
"215000_s_at",914.219534883722,2991.96581395349,3.7308673815535,0.000343379408548302,0.00916189830100048,-4.49759321707745
"214909_s_at",249.770246511628,423.425704651163,3.73024923448819,0.000344103555357235,0.00916189830100048,-4.49762355193775
"209755_at",373.608465116279,664.965813953488,3.72993175133183,0.000344476045272527,0.00916189830100048,-4.49763913119635
"209360_s_at",-472.253346511628,500.579722093023,-3.72986634377534,0.000344552832932657,0.00916189830100048,-4.49764234074646
"214097_at",-214.465113953488,276.941405813954,-3.72756592795605,0.000347263879595535,0.00922298096427568,-4.49775520634876
"208475_at",71.0403348837209,205.343672093023,3.72640222727208,0.000348643025579663,0.00924300351959273,-4.49781228939883
"208186_s_at",243.494302325581,388.37273255814,3.7262301770739,0.000348847370640286,0.00924300351959273,-4.49782072831278
"202808_at",479.697451162791,964.807506976744,3.72246458739585,0.00035334843835793,0.00935114400466716,-4.49800538393508
"218392_x_at",-94.6183255813954,149.808595348837,-3.72202539690271,0.000353876994194406,0.00935402261166543,-4.49802691540001
"208988_at",-392.24711627907,828.489813953488,-3.72141649796757,0.000354611035144608,0.00936231954517453,-4.49805676501156
"213911_s_at",-917.654046511628,2191.51346511628,-3.71863440324183,0.000357983384875618,0.00944017013631173,-4.49819312198555
"213541_s_at",250.427720930233,594.240953488372,3.71729374709974,0.000359619352886798,0.00946195874655825,-4.49825881446808
"216226_at",273.63323255814,925.625546511628,3.71692372966575,0.00036007212674427,0.00946195874655825,-4.49827694355512
"203743_s_at",-481.494534883721,1341.9216627907,-3.71691442670632,0.000360083517348714,0.00946195874655825,-4.49827739934533
"212372_at",1004.9068372093,2668.96755813953,3.71607097251894,0.000361117674128184,0.00947795657549862,-4.49831872151866
"208682_s_at",-435.148506976744,480.907434883721,-3.71318987557353,0.000364671533610581,0.00955997150993479,-4.49845983951701
"211994_at",598.079930232558,1909.69463953488,3.71239279342776,0.000365660602958143,0.00957463597616486,-4.49849887248535
"204942_s_at",-170.247651162791,379.530220930233,-3.7096018123659,0.000369143978538974,0.00965450149505159,-4.49863551679033
"201536_at",221.117039534884,678.420038372093,3.69828106251896,0.000383599590989767,0.0100208085416471,-4.49918929925524
"211979_at",-175.688251162791,461.946525581395,-3.6964542999997,0.000385982071794595,0.0100712394681487,-4.49927858850487
"204754_at",191.842418604651,510.17111627907,3.69483241292004,0.000388109138839375,0.0101054051749216,-4.4993578470921
"213571_s_at",-226.62491627907,593.323309302326,-3.69476447206126,0.00038819848448292,0.0101054051749216,-4.49936116689217
"211813_x_at",1325.36290697675,3894.32875581395,3.69214102878716,0.000391663441076104,0.0101733984079959,-4.49948933533753
"212107_s_at",245.742267441861,474.812284883721,3.69209571421487,0.000391723548627228,0.0101733984079959,-4.49949154882162
"201893_x_at",1376.87023255814,4569.73302325581,3.68970195004073,0.000394911258027105,0.0102442462894272,-4.49960845971604
"55872_at",-183.230511627907,440.629302325581,-3.68880510880263,0.000396111895613183,0.0102634434534286,-4.49965225239817
"206461_x_at",621.976093023256,1811.68197674419,3.68748369669852,0.000397887248848111,0.0102886412571671,-4.49971676805124
"208848_at",571.438558139535,1723.22006976744,3.6873941408321,0.000398007842915137,0.0102886412571671,-4.49972114008195
"212977_at",725.111534883721,1304.26102325581,3.68620997407889,0.000399605688200081,0.0103179763037803,-4.49977894542897
"204773_at",225.63531627907,386.87078372093,3.68487959522502,0.00040140809733981,0.0103515278636158,-4.49984387810208
"214614_at",-150.861458139535,125.795924418605,-3.68456590991453,0.000401834205539097,0.0103515278636158,-4.49985918679666
"203810_at",506.374651162791,1437.159,3.68394703112965,0.000402676148030266,0.0103612385757026,-4.49988938802553
"205603_s_at",331.099744186047,902.25038372093,3.68238743390416,0.000404805317965356,0.0103948651731519,-4.49996548600603
"200662_s_at",-741.653069767442,1972.15586046512,-3.6823065821565,0.000404915988434945,0.0103948651731519,-4.49996943063471
"204079_at",54.9476790697675,158.115472093023,3.68172358063829,0.000405714857025707,0.0104033879851597,-4.49999787318936
"222036_s_at",-251.136558139535,287.746097674419,-3.67749410236307,0.000411555396365091,0.0105410217209234,-4.50020415289308
"203780_at",-252.481325581395,630.881639534884,-3.67684546064485,0.000412458150651407,0.0105520148920382,-4.50023577882935
"219760_at",154.17238372093,232.286898837209,3.6761170085576,0.000413474225415854,0.0105658786295201,-4.50027129306043
"209841_s_at",293.247139534884,978.84761627907,3.67507101533542,0.000414937380685325,0.010591122169314,-4.500322282762
"220706_at",73.0313093023256,202.787968604651,3.67388864786406,0.000416597223311169,0.0106213225709872,-4.5003799124098
"210413_x_at",378.214953488372,1326.88287209302,3.67102403715716,0.000420644850627635,0.0107122619503264,-4.50051950095723
"211671_s_at",686.169534883721,2321.63034883721,3.66902379182698,0.000423493276924397,0.0107724893718109,-4.50061694062876
"203981_s_at",82.3359395348838,160.686204651163,3.66814219644042,0.000424754513081859,0.0107922517844961,-4.5006598788209
"218450_at",464.150023255814,1191.9983372093,3.6677902536253,0.000425259008864234,0.0107927636611865,-4.50067701891059
"202911_at",-344.260372093023,851.669674418605,-3.6663961443651,0.000427263007871015,0.0108198016875048,-4.50074490650249
"218640_s_at",-603.441906976744,1209.55253488372,-3.6663735964001,0.000427295493650059,0.0108198016875048,-4.5007460044017
"207469_s_at",117.539846511628,212.581120930233,3.66423839738764,0.000430382418012062,0.0108855975261779,-4.50084995687398
"211577_s_at",223.322413953488,457.008072093023,3.66354190354279,0.000431393935515402,0.0108906657357869,-4.50088385976282
"202540_s_at",-184.735734883721,240.867420930233,-3.66342750953743,0.000431560285630294,0.0108906657357869,-4.50088942778056
"203962_s_at",-366.215976744186,1128.56968604651,-3.66300330316716,0.000432177692576724,0.010893908963447,-4.50091007491855
"212623_at",-167.880072093023,317.586515116279,-3.65907049732872,0.000437941745119662,0.0110267298378547,-4.50110144161738
"203228_at",-295.086953488372,705.979686046512,-3.65615426375118,0.000442262945953939,0.0111170062197992,-4.50124328171094
"218974_at",517.792418604652,1441.269,3.65597828557008,0.000442524997395407,0.0111170062197992,-4.5012518392889
"202243_s_at",-201.256553488372,204.200809302326,-3.65416514992004,0.000445233563046492,0.011172454375411,-4.5013399985224
"212235_at",49.7351860465117,77.9020488372093,3.65265328505941,0.000447504104116442,0.0112167985962055,-4.50141349376646
"206324_s_at",233.746558139535,1055.36727906977,3.65205751986269,0.000448401850049113,0.0112266723872409,-4.50144245142826
"218814_s_at",406.008604651163,1106.91302325581,3.65036398929676,0.000450963145891099,0.0112667948303574,-4.50152475495523
"217851_s_at",-333.936744186047,419.420069767442,-3.65032939107817,0.000451015616778656,0.0112667948303574,-4.50152643620249
"202043_s_at",-347.901,1140.3006627907,-3.64903930806938,0.000452976271619775,0.0113031021954126,-4.50158912053774
"46323_at",-313.312325581395,614.170930232558,-3.64765093955589,0.000455095340885057,0.0113432768243196,-4.50165656903894
"218541_s_at",-386.167962790698,482.013941860465,-3.64652786618479,0.000456816373257522,0.0113734516707233,-4.50171112049995
"202262_x_at",409.51583255814,613.278725581395,3.64584462981376,0.000457866407337632,0.0113868718244469,-4.50174430378316
"205980_s_at",-58.3488930232558,95.576623255814,-3.64525444425453,0.000458775280399634,0.0113967553769733,-4.50177296547137
"200750_s_at",-749.692455813954,1064.49641627907,-3.64407136467974,0.000460602358708495,0.0114294012907588,-4.50183041389451
"210968_s_at",1114.53946511628,3748.58345348837,3.6426838469645,0.00046275396171057,0.0114700183857582,-4.50189777846596
"219789_at",426.781976744186,1380.27991860465,3.64170687665032,0.00046427465617483,0.0114936096382111,-4.50194520363427
"201648_at",747.397279069767,2236.28345348837,3.64127812194425,0.000464943527376428,0.0114936096382111,-4.50196601484955
"208246_x_at",-850.291790697675,1830.61412790698,-3.64107984962741,0.000465253147855602,0.0114936096382111,-4.50197563835357
"201828_x_at",419.164744186047,1290.72746511628,3.64043992555238,0.000466253784174276,0.0114996764040078,-4.50200669655802
"207455_at",190.776813953488,688.966965116279,3.64026295225512,0.000466530874174171,0.0114996764040078,-4.50201528536745
"211687_x_at",378.754906976744,1042.3328255814,3.63986680677766,0.000467151692392842,0.0115006010368843,-4.50203451026416
"212173_at",201.20961627907,355.35486627907,3.63902366721145,0.000468475628021652,0.0115006010368843,-4.50207542449252
"202503_s_at",-611.373604651163,2173.12547674419,-3.63857565702489,0.000469180562138173,0.0115006010368843,-4.50209716285911
"218837_s_at",73.1967418604651,148.400722093023,3.63841807442578,0.000469428754168148,0.0115006010368843,-4.50210480879135
"208970_s_at",642.885395348838,1952.74988372093,3.63832745372289,0.000469571537890644,0.0115006010368843,-4.5021092056521
"219124_at",231.748311627907,736.737239534884,3.63826810040004,0.000469665078470793,0.0115006010368843,-4.50211208541116
"203755_at",-248.067023255814,696.778395348837,-3.63711522892343,0.00047148551137051,0.0115325045552899,-4.50216801714639
"215918_s_at",300.246953488372,540.33138372093,3.6337096985459,0.000476902183786309,0.0116400118947821,-4.50233318868412
"209047_at",523.844093023256,1499.34493023256,3.6336951204512,0.000476925497461565,0.0116400118947821,-4.50233389558065
"207828_s_at",-319.797646511628,351.369393023256,-3.63296943352929,0.000478087403382461,0.0116556035115661,-4.50236908270005
"201218_at",-340.400848837209,1095.94494767442,-3.62757298877874,0.000486812372374604,0.0118553443646156,-4.50263064248484
"210896_s_at",547.329488372093,1282.55951162791,3.62715499711575,0.000487494449377556,0.0118573844361677,-4.50265089448725
"218631_at",1033.41046511628,3666.08430232558,3.62630888264296,0.000488877912214635,0.0118573844361677,-4.50269188600504
"200965_s_at",858.797511627908,2599.11008139535,3.6262834494365,0.00048891955510359,0.0118573844361677,-4.50269311809246
"205969_at",246.858413953489,242.803086046512,3.62621927176954,0.000489024650937401,0.0118573844361677,-4.5026962271003
"204667_at",-310.473511627907,1029.48570930233,-3.62498073809457,0.000491057048154586,0.0118937219609007,-4.50275622127971
"213628_at",768.203,3028.03105813953,3.62276420699321,0.000494714332885572,0.0119692936804443,-4.50286356533069
"200708_at",-329.843930232558,861.554709302326,-3.62235516081042,0.000495392079353598,0.0119726916531846,-4.50288337159598
"202930_s_at",476.898790697675,1205.85904651163,3.62166154131797,0.00049654334778445,0.011987513996404,-4.50291695467194
"204451_at",-259.326,664.600860465116,-3.62088729553906,0.000497831437746917,0.01200560381744,-4.50295443787141
"220751_s_at",90.0809534883721,318.337034883721,3.62029762307463,0.000498814584561856,0.0120091241698065,-4.50298298288077
"204320_at",-776.507879069768,722.72748372093,-3.62015342187469,0.000499055287943312,0.0120091241698065,-4.50298996307503
"201662_s_at",-481.420930232558,1364.00230232558,-3.61842222048923,0.000501953658591352,0.0120658396703248,-4.503073753285
"203918_at",53.9088906976745,124.321919767442,3.61803139178423,0.00050261018845283,0.0120686021867397,-4.50309266679754
"216502_at",427.893488372093,1743.15218604651,3.61580273435052,0.000506369572477491,0.0121457838358621,-4.50320050061207
"210222_s_at",187.5937,550.650847674419,3.61523290716903,0.000507335051952576,0.012155856949096,-4.50322806672869
"205471_s_at",-133.116374418605,209.082429069767,-3.61367472176461,0.000509984067814259,0.0122062029893718,-4.50330343546744
"207165_at",-281.353906976744,269.939646511628,-3.61310015058979,0.000510964182818575,0.012216539576981,-4.50333122335023
"202421_at",-389.243418604651,995.135941860465,-3.61118512333565,0.00051424379206263,0.0122817732245783,-4.50342382439666
"221631_at",163.956441860465,311.771169767442,3.6107917447524,0.000514919945940259,0.0122847549843542,-4.50344284332534
"212335_at",430.720697674419,1304.37497674419,3.61027512290999,0.000515809215921631,0.0122928093672531,-4.50346781928724
"200602_at",-815.202674418605,2406.60098837209,-3.60665268621915,0.000522085614479266,0.0124290958840187,-4.50364289762567
"221765_at",-171.11053255814,163.043108139535,-3.6060270919931,0.000523176855387517,0.01244178214365,-4.50367312519528
"206410_at",228.799093023256,889.053965116279,3.60433120632883,0.000526145924391676,0.0124990507816841,-4.50375505478435
"218888_s_at",-226.931209302326,742.589581395349,-3.60301883990814,0.000528454507109806,0.0125176793607527,-4.50381844370109
"209123_at",975.592069767442,3004.81629069767,3.60206245880026,0.000530142923246498,0.0125176793607527,-4.50386463118345
"204273_at",197.55588372093,402.50426744186,3.6020617046374,0.00053014425667828,0.0125176793607527,-4.5038646676027
"217672_x_at",31.3692674418605,65.0731848837209,3.60192969391226,0.000530377713221598,0.0125176793607527,-4.50387104247239
"202783_at",67.415923255814,128.174836046512,3.60191683863709,0.000530400452552831,0.0125176793607527,-4.50387166325468
"222161_at",112.024641860465,89.5652581395349,3.60165294747744,0.000530867446445988,0.0125176793607527,-4.50388440634787
"220546_at",89.8301441860465,218.490893023256,3.60106805016215,0.000531903897625089,0.0125176793607527,-4.50391264899025
"208699_x_at",287.619693023256,446.988141860465,3.60104023970212,0.000531953226137445,0.0125176793607527,-4.50391399180565
"205726_at",707.740069767443,2238.93903488372,3.60092746640739,0.000532153301050279,0.0125176793607527,-4.50391943696231
"203313_s_at",-206.674102325581,339.053044186047,-3.60070528824417,0.000532547683615021,0.0125176793607527,-4.50393016439703
"221580_s_at",-266.760646511628,332.988909302326,-3.59968875716404,0.000534355638257893,0.0125469406610122,-4.50397924158242
"218826_at",573.649418604651,2141.3631744186,3.59885421303847,0.000535844267926938,0.0125564072170263,-4.50401952767789
"220244_at",638.558604651163,2429.84651162791,3.59883096163286,0.000535885799191852,0.0125564072170263,-4.50402065003344
"212963_at",160.492644186047,388.184212790698,3.594853429699,0.000543035490910217,0.0127105670629752,-4.50421259641308
"219523_s_at",89.3941930232558,158.272754651163,3.59354671191817,0.000545404010451807,0.0127526102464823,-4.5042756334706
"204734_at",-539.968669767442,575.925534883721,-3.59298177425061,0.000546431029674358,0.0127601377859913,-4.50430288310636
"201999_s_at",-838.698372093024,2784.60941860465,-3.59273993993599,0.000546871228542912,0.0127601377859913,-4.50431454730264
"218176_at",-125.802586046512,220.416655813953,-3.59045379547744,0.000551049224782433,0.0128441735102792,-4.50442479450511
"203010_at",647.765186046512,1290.07545348837,3.59012313214281,0.000551656020441844,0.0128448809858993,-4.50444073766264
"211432_s_at",641.880069767442,1885.64463953488,3.58794548106234,0.000555668045379768,0.0129247923331914,-4.50454571704736
"201409_s_at",-222.939790697674,530.175546511628,-3.58587495640244,0.000559508339877869,0.0130005467544302,-4.50464550384306
"202567_at",-349.355395348837,819.134906976744,-3.58423680783622,0.000562564496139775,0.013057942361961,-4.50472443316194
"200872_at",688.543488372094,1760.70930232558,3.58292740646031,0.000565018705863231,0.0131012610018214,-4.50478751033606
"200754_x_at",-822.394162790698,2262.60926744186,-3.58179228634413,0.000567154467366707,0.0131371133018008,-4.50484218299033
"212197_x_at",608.477372093023,2019.50677906977,3.58118265183116,0.000568304667816017,0.0131500860985922,-4.50487154238503
"218783_at",-121.94906744186,216.102470930233,-3.5807934931087,0.000569040050975426,0.0131506885455012,-4.5048902826286
"209273_s_at",302.834174418605,729.91305,3.58054450123528,0.000569511037401098,0.0131506885455012,-4.50490227251431
"206283_s_at",153.470627906977,479.744430232558,3.57940059928336,0.000571679562677322,0.0131870969928973,-4.50495735050281
"220946_s_at",136.399139534884,517.04861627907,3.57609818190821,0.00057798402560094,0.013308734035309,-4.5051163118254
"215121_x_at",-2200.33927906977,2359.52226744186,-3.57601315001543,0.000578147221926093,0.013308734035309,-4.50512040388893
"218946_at",330.176279069768,901.579674418605,3.57438954737885,0.000581271687216937,0.0133538863184323,-4.50519852893289
"220056_at",214.710790697674,753.195418604651,3.57437110865901,0.000581307262436807,0.0133538863184323,-4.50519941607505
"215497_s_at",261.131651162791,909.388779069767,3.57218814661775,0.000585533625416454,0.0134371223225076,-4.50530442933368
"221796_at",597.210720930233,1262.14415116279,3.57121174988288,0.000587433402813331,0.0134668503239603,-4.50535138971447
"212153_at",-410.647465116279,861.558453488372,-3.56961810076274,0.000590546717629421,0.0135243088478277,-4.50542802389688
"212521_s_at",293.57423255814,726.564395348837,3.56679985627331,0.000596090667077318,0.0136360201874526,-4.50556350500648
"213901_x_at",323.856,1058.00530232558,3.56651763400609,0.000596648551934942,0.0136360201874526,-4.50557706938997
"203429_s_at",-599.872837209303,1882.05697674419,-3.56509650046934,0.000599465310543604,0.0136744945964402,-4.50564536510505
"201301_s_at",-268.865220930233,341.354477906977,-3.56504915903423,0.000599559360082666,0.0136744945964402,-4.50564763997553
"220655_at",171.221493023256,300.461434883721,3.56424271416208,0.000601163609451966,0.0136970641200595,-4.50568638935429
"204183_s_at",134.633720930233,467.632790697674,3.56202582334484,0.000605594613147809,0.0137839272367443,-4.50579288824087
"205357_s_at",706.647069767443,1605.44820930233,3.56096060620092,0.00060773469710383,0.0138185227097598,-4.50584404957514
"205752_s_at",730.23158139535,2544.32490697674,3.56056774635778,0.000608525781848018,0.0138224057053205,-4.50586291637306
"202525_at",-196.694372093023,394.240076744186,-3.55930185124243,0.000611081498320721,0.0138663228381676,-4.50592370315508
"208999_at",-251.100953488372,577.198848837209,-3.55893159975386,0.00061183091830808,0.0138692048348514,-4.50594148020757
"210374_x_at",225.859746511628,355.769836046512,3.55789016837624,0.000613943531946391,0.0139029509373592,-4.50599147810429
"206084_at",281.726339534884,744.621760465116,3.55683638313602,0.000616088235642789,0.0139373544719069,-4.50604206185298
"204790_at",347.794790697675,995.272906976744,3.55604660731432,0.000617700265944577,0.0139596501278327,-4.50607996785514
"212950_at",572.601372093023,1516.51377906977,3.55532752230422,0.000619171480295829,0.0139787214746018,-4.50611447742476
"201458_s_at",-485.696658139535,824.395787209302,-3.55447572626395,0.000620918507840404,0.0140039748079026,-4.50615535152547
"218542_at",-146.012348837209,191.625702325581,-3.5534364432632,0.000623056390880442,0.0140379833751152,-4.50620521587326
"214621_at",302.862255813953,1167.26126744186,3.55028388066507,0.00062958416069185,0.0141707311643399,-4.50635643096347
"40465_at",-90.8251279069768,178.712340697674,-3.54869078096213,0.000632907443810304,0.0142311569832745,-4.50643282030033
"212621_at",-99.5806744186047,163.150081395349,-3.54809987211603,0.00063414432483778,0.014244594748347,-4.5064611501978
"202128_at",-193.151741860465,451.104063953488,-3.54682538962519,0.000636819845168147,0.0142867480541426,-4.50652224476386
"202014_at",75.3148674418605,137.926763953488,3.54659567682839,0.000637303216165584,0.0142867480541426,-4.50653325531045
"207036_x_at",167.675160465116,384.547536046512,3.54622230917663,0.000638089612571242,0.0142900008411306,-4.50655115074789
"219205_at",383.035488372093,1599.37060465116,3.54294986888593,0.00064502152091122,0.014417889048536,-4.50670795869858
"207621_s_at",230.654620930233,243.671103488372,3.54291570704405,0.00064509425936321,0.014417889048536,-4.50670959528297
"202732_at",252.662581395349,466.913186046512,3.53898795686908,0.000653509300098157,0.014591330394877,-4.50689770961532
"209318_x_at",381.499767441861,1122.2568372093,3.53782053817844,0.000656030403742547,0.0146329584450402,-4.5069536018255
"209094_at",-528.742534883721,1214.62305813953,-3.53714119111038,0.000657501723539264,0.0146511109056254,-4.50698612258407
"220065_at",241.018995348837,294.322455813953,3.53603025472915,0.000659914503101265,0.0146901846879176,-4.50703929717198
"214164_x_at",-640.55611627907,1394.37912790698,-3.53540944061208,0.000661266460422879,0.0147055893588853,-4.50706900864897
"200843_s_at",-547.643295348838,1234.57667790698,-3.53315654871288,0.000666194664541467,0.0148004144665778,-4.50717680800263
"205156_s_at",195.944086046512,474.11305,3.53197948543916,0.000668783292533774,0.0148180176919326,-4.50723311622704
"208030_s_at",390.415093023256,1272.47838372093,3.53196912610532,0.000668806117236718,0.0148180176919326,-4.50723361175468
"222140_s_at",-266.286441860465,706.288779069767,-3.53188931248948,0.000668981995157035,0.0148180176919326,-4.50723742952958
"222258_s_at",-424.113104651163,930.87475,-3.53074057705499,0.000671518209703901,0.0148594242967547,-4.50729237300402
"219025_at",446.176139534884,1424.75169767442,3.52900050273521,0.000675377332762899,0.0149123083955126,-4.50737558315082
"210765_at",66.6413860465116,218.097486046512,3.52872644361391,0.000675987047966675,0.0149123083955126,-4.50738868678062
"202311_s_at",-438.117762790698,618.118097674419,-3.52819155928158,0.000677178536277634,0.0149123083955126,-4.50741425983843
"218309_at",-476.946395348838,1352.98422093023,-3.52813522233463,0.000677304145926194,0.0149123083955126,-4.50741695322152
"221590_s_at",316.40934883721,1435.61130232558,3.52798408084046,0.000677641242015663,0.0149123083955126,-4.50742417895982
"202746_at",608.573488372093,1942.91181395349,3.52785760045476,0.000677923457553036,0.0149123083955126,-4.50743022558798
"217886_at",432.097979069768,1023.87740581395,3.52585902654052,0.00068239765815046,0.0149888765596306,-4.50752575688606
"218947_s_at",-192.402306976744,342.711018604651,-3.52570233702502,0.000682749616659564,0.0149888765596306,-4.50753324547212
"203675_at",-238.982234883721,596.72053372093,-3.5254017542024,0.000683425271311485,0.0149889422447183,-4.50754761062077
"209019_s_at",405.767976744187,1142.74447674419,3.52472185196788,0.000684955899833367,0.0150077407236843,-4.50758010158304
"209356_x_at",347.048325581395,1063.3866744186,3.52116546087418,0.000693015196451807,0.0151694082736106,-4.50775000278644
"AFFX-M27830_M_at",1304.22413953488,4341.49141860465,3.519758312197,0.000696228693583844,0.0152247929137672,-4.50781720372761
"209326_at",-237.031465116279,714.033104651163,-3.51905619371722,0.00069783738230478,0.0152450101861739,-4.50785072969103
"211986_at",981.156209302326,3223.02575581395,3.5186896940114,0.000698678499413893,0.0152484358495982,-4.50786822863301
"215977_x_at",107.421220930233,205.724624418605,3.5167257416939,0.000703202129428976,0.0153130071953666,-4.50796198434342
"212717_at",263.984023255814,739.753244186046,3.51658453271534,0.000703528445263749,0.0153130071953666,-4.50796872441618
"206408_at",52.8001162790697,128.199541860465,3.51611254005237,0.000704620199227357,0.0153130071953666,-4.50799125221274
"219481_at",-420.449751162791,793.326915116279,-3.51594643170847,0.00070500480108168,0.0153130071953666,-4.50799918006127
"201026_at",328.840279069768,982.105,3.51591691360841,0.000705073167098063,0.0153130071953666,-4.50800058885139
"201533_at",-345.978837209302,1458.07648837209,-3.51561941255493,0.000705762550732664,0.0153130544478831,-4.50801478715203
"201718_s_at",73.0669813953488,189.757841860465,3.51394337640656,0.000709658266521181,0.0153826022888049,-4.5080947651737
"218095_s_at",-224.801834883721,325.655315116279,-3.51300712411509,0.000711843298501992,0.0154149700879688,-4.50813943352406
"217029_at",84.0475116279071,280.300360465116,3.51269787119557,0.000712566431525038,0.0154156483433713,-4.50815418659852
"201691_s_at",-86.0891418604651,134.842329069767,-3.51143398969545,0.000715529019775449,0.0154647266223631,-4.50821447401656
"211931_s_at",-510.094465116279,1654.26458139535,-3.51032081676441,0.000718147982641658,0.0154979443290044,-4.50826756365656
"209568_s_at",759.167255813954,2694.22497674419,3.51010103580801,0.000718666131598364,0.0154979443290044,-4.50827804449763
"201292_at",-173.101523255814,281.321963953488,-3.5098948850483,0.000719152467629607,0.0154979443290044,-4.50828787504926
"201704_at",-184.765302325582,368.051046511628,-3.50779812766645,0.000724116693967974,0.0155802348415165,-4.5083878451445
"212770_at",-80.7119139534884,235.162973255814,-3.50769175601895,0.000724369398007947,0.0155802348415165,-4.50839291598346
"221523_s_at",267.373348837209,865.705093023256,3.50639676298177,0.000727452568344597,0.015631461504747,-4.50845464339698
"212991_at",336.224674418605,1244.05054651163,3.50462391445213,0.00073169355583144,0.0157074446094335,-4.50853912991973
"47069_at",378.507976744186,934.40726744186,3.50318169450094,0.000735160845297681,0.0157596941920919,-4.50860784432501
"201273_s_at",-880.914148837209,2305.97834418605,-3.50302355345207,0.000735541980872216,0.0157596941920919,-4.50861537807718
"202017_at",196.393488372093,438.907720930233,3.50226813737144,0.00073736518659876,0.0157835816070895,-4.50865136333529
"218517_at",418.763255813954,1492.73002325581,3.49870628488509,0.000746019457216963,0.0159508693081356,-4.50882098461948
"212015_x_at",-294.704825581395,677.643308139535,-3.49846381422287,0.000746612066974172,0.0159508693081356,-4.50883252832943
"217599_s_at",181.216618604651,453.720458139535,3.49677600659363,0.00075074949111104,0.0160238993394897,-4.50891287152326
"221060_s_at",284.329930232558,972.133872093023,3.49547821044653,0.000753945581380553,0.0160767171195243,-4.50897463612537
"202089_s_at",-806.863023255814,1523.28018604651,-3.49505239730518,0.000754997032180859,0.016083746527807,-4.50899489888079
"222146_s_at",53.4017418604651,157.356661627907,3.49471649353474,0.00075582744924811,0.0160860583109796,-4.50901088233221
"209335_at",1014.25811627907,2719.77994186046,3.49252534665619,0.000761265587981097,0.0161863369246019,-4.50911512566977
"220431_at",232.86393255814,536.121056976744,3.49188689742242,0.000762857077149529,0.0162047132984966,-4.50914549357245
"203438_at",-819.935069767443,1663.03555813953,-3.49099698485708,0.000765080644652528,0.0162351977986252,-4.5091878176967
"212539_at",-451.474976744186,1231.85437209302,-3.49072983244018,0.000765749355398963,0.0162351977986252,-4.50920052237155
"202396_at",-369.844418604651,1127.6163255814,-3.49007177087069,0.000767398909196634,0.0162547052220804,-4.5092318149983
"202350_s_at",375.331246511628,866.114981395349,3.48961233498797,0.000768552560200556,0.0162636815754501,-4.50925366067067
"210335_at",152.519279069767,561.984872093023,3.4887421632882,0.000770742067329266,0.0162945403095807,-4.50929503241303
"206813_at",537.092348837209,1411.16643023256,3.487884648902,0.000772905490165979,0.0163247896088801,-4.50933579728875
"218224_at",354.74923255814,1011.41208139535,3.48636292669902,0.000776758772172713,0.016390639886671,-4.50940812512174
"200821_at",-299.713320930233,557.218648837209,-3.48428308401909,0.000782054676517809,0.0164867780102614,-4.50950695481713
"205741_s_at",200.606186046512,616.246209302326,3.48266888288253,0.000786188404903029,0.0165582573028868,-4.50958363770339
"201663_s_at",-181.55293255814,269.150812790698,-3.48070929460045,0.000791234352463682,0.0166428197019546,-4.5096767041398
"203453_at",-378.987279069768,637.537802325581,-3.48053013660598,0.000791697207919575,0.0166428197019546,-4.50968521154307
"220175_s_at",-234.384260465116,638.237288372093,-3.47990577163443,0.00079331225676344,0.0166610527968518,-4.5097148580826
"202357_s_at",-527.954534883721,1190.15647674419,-3.47913599029243,0.000795307738125822,0.0166872338311278,-4.5097514056823
"213786_at",-120.210090697674,210.71495,-3.47810696272899,0.000797982660304122,0.0167276082968549,-4.50980025535756
"221624_at",163.662258139535,497.882315116279,3.47584481514843,0.000803892934031508,0.0168356637678798,-4.50990761759774
"221505_at",-346.162604651163,723.791511627907,-3.47426360536669,0.000808048651704362,0.016906805733266,-4.50998264129572
"205225_at",-1238.05730232558,2646.76444186047,-3.47368497791503,0.000809574457235147,0.0169228401787718,-4.51001009111967
"208920_at",107.666581395349,337.759662790698,3.4722771534278,0.000813298174236245,0.0169847452825738,-4.51007686798636
"204299_at",-214.983495348837,371.284738372093,-3.47137907796095,0.000815682039457221,0.017018579480548,-4.5101194589199
"203291_at",116.859465116279,455.965825581395,3.47099814863759,0.000816695175308714,0.0170237779152517,-4.51013752267782
"202085_at",531.050976744186,1295.78574418605,3.47053766524475,0.000817921482726178,0.0170334059809228,-4.51015935756397
"210579_s_at",192.216186046512,665.598837209302,3.46907912100568,0.000821817196862838,0.0170985551799203,-4.51022850809914
"201711_x_at",-158.520679069767,305.794527906977,-3.46857494900743,0.000823167889682145,0.0171029870421012,-4.51025240778597
"218834_s_at",-53.2092627906977,91.5966779069768,-3.46842676477218,0.000823565278291729,0.0171029870421012,-4.51025943195128
"209195_s_at",390.442441860465,1207.71812790698,3.46723094504756,0.000826778766001094,0.0171537348629445,-4.51031611009613
"205483_s_at",-378.847160465117,728.678531395349,-3.46616381395215,0.000829656423971922,0.0171974270654571,-4.5103666804005
"201525_at",989.706046511628,2934.48953488372,3.46569495036849,0.0008309237630225,0.0171983828052664,-4.51038889688343
"213316_at",176.08423255814,590.167813953488,3.46557578276092,0.000831246164397606,0.0171983828052664,-4.51039454323951
"209554_at",51.2756255813954,103.329580232558,3.46510760049714,0.000832513949249991,0.0172086348155265,-4.51041672552314
"205428_s_at",542.354325581396,1883.4863255814,3.464652240292,0.000833748764111856,0.0172181869422655,-4.51043829883829
"203574_at",500.38223255814,1593.99237209302,3.46423967560404,0.000834869021539516,0.0172253577842269,-4.51045784340963
"204438_at",474.140186046512,1471.62648837209,3.46353603198442,0.000836782938759935,0.0172318386254508,-4.51049117462807
"212387_at",284.882790697674,892.420651162791,3.46332708797671,0.000837352065404796,0.0172318386254508,-4.51050107152827
"214039_s_at",-957.662093023256,2956.01197674419,-3.46327166670493,0.000837503084475303,0.0172318386254508,-4.51050369657661
"221042_s_at",52.3039465116279,94.4719081395349,3.45931438382541,0.000848353102615958,0.0174296284706853,-4.510691079283
"217551_at",230.835720930233,819.743418604651,3.4589658198685,0.00084931512045798,0.0174296284706853,-4.51070757901656
"210105_s_at",436.247348837209,1736.1431627907,3.45891239435295,0.000849462662979145,0.0174296284706853,-4.51071010790855
"217645_at",761.034976744187,2740.71623255814,3.45764257205701,0.000852976594433874,0.0174856278323551,-4.51077020895712
"215108_x_at",-147.300141860465,254.97978255814,-3.4570180374748,0.000854709873593909,0.0175050552511885,-4.51079976421649
"204963_at",377.797767441861,1156.26946511628,3.45662081097606,0.000855814030295502,0.0175115739550732,-4.5108185610058
"209744_x_at",-302.501348837209,716.532023255814,-3.45592625395821,0.000857747901386753,0.0175227255915296,-4.51085142484359
"212481_s_at",-221.228909302326,577.229289534884,-3.45580689979601,0.00085808063683743,0.0175227255915296,-4.51085707189547
"201091_s_at",-302.253555813954,716.929384883721,-3.45557834508821,0.000858718141450895,0.0175227255915296,-4.5108678853185
"217139_at",191.011767441861,696.885441860465,3.45448750348051,0.000861766973150429,0.0175670029660298,-4.51091949037698
"204396_s_at",247.098546511628,646.831929069767,3.45423837050191,0.00086246471502206,0.0175670029660298,-4.51093127508096
"203299_s_at",449.285069767442,1552.6096744186,3.45365016728107,0.000864114199890074,0.017584526681416,-4.51095909705213
"213491_x_at",-795.081334883721,1821.00414651163,-3.45230931514059,0.000867885454317569,0.0176177937785784,-4.51102251018992
"208981_at",440.990906976745,982.257825581395,3.45224018339375,0.00086808031326736,0.0176177937785784,-4.51102577930673
"201014_s_at",-260.613455813954,619.184674418605,-3.4522257930371,0.00086812087999278,0.0176177937785784,-4.51102645979677
"203823_at",280.126348837209,661.363918604651,3.45167231619101,0.000869682501207324,0.0176334260003665,-4.5110526314621
"210559_s_at",-274.658202325581,624.583347674419,-3.45109469617423,0.000871315067877653,0.0176504669613798,-4.511079942465
"210024_s_at",276.457790697674,840.748802325581,3.45016956270519,0.000873935860787283,0.0176874775530636,-4.51112367969803
"214728_x_at",-468.893209302326,973.408930232558,-3.44876833487264,0.000877919539176323,0.0177519792118566,-4.5111899136283
"203407_at",83.1794697674418,205.268930232558,3.44277346604669,0.000895157120272081,0.0180841215875093,-4.51147312589893
"217913_at",246.151604651163,883.818848837209,3.43771494504912,0.00090995016992726,0.0183511312210707,-4.51171190537732
"218477_at",-635.139886046512,1156.61215,-3.43769088030338,0.000910021092280353,0.0183511312210707,-4.51171304088269
"211536_x_at",561.772209302326,2149.70359302326,3.43606568377026,0.000914822867773507,0.018431282063831,-4.51178971698041
"209090_s_at",523.912534883721,1878.24910465116,3.43438668036609,0.000919808705252467,0.018514993115755,-4.51186891198924
"220206_at",-162.27433255814,435.542252325581,-3.43317291243304,0.000923428959949045,0.0185622969236166,-4.5119261503697
"208864_s_at",-435.506418604651,1259.25486046512,-3.43302705686704,0.000923864900333192,0.0185622969236166,-4.5119330278635
"200940_s_at",462.280995348838,1010.89173488372,3.43276193983771,0.000924657792272782,0.0185622969236166,-4.51194552847836
"202920_at",354.917069767442,1324.5081627907,3.43195616724262,0.000927071576148842,0.018594001738366,-4.51198351864389
"201990_s_at",399.601186046512,1233.96275581395,3.43036777480721,0.000931847195744285,0.0186729775744334,-4.51205839385742
"203920_at",150.440802325581,358.30236627907,3.42810120057213,0.000938701993735791,0.0187934380291237,-4.51216520677481
"216306_x_at",-424.796372093023,1560.15427906977,-3.42645993017042,0.00094369532940172,0.0188764479578622,-4.5122425292265
"219540_at",-263.391576744186,848.440537209302,-3.42511925389584,0.000947792718152318,0.0189414037117382,-4.51230567602401
"217153_at",42.0065813953488,204.78226744186,3.42439978067804,0.000949998488175311,0.0189627146007344,-4.51233955842818
"202021_x_at",1256.77523255814,2908.93861627907,3.42421653266069,0.000950561064893431,0.0189627146007344,-4.51234818760039
"212764_at",477.358139534884,1741.10730232558,3.42253062679555,0.000955751599202738,0.0190492065161311,-4.51242756585896
"202246_s_at",-335.234232558139,878.428418604651,-3.42201265925905,0.000957351664484445,0.019059942491132,-4.51245194947444
"218494_s_at",194.245813953488,514.210488372093,3.42180270140107,0.000958000968903101,0.019059942491132,-4.51246183281296
"201008_s_at",455.627813953489,535.257120930233,3.42098265915128,0.000960540966060361,0.0190934293904755,-4.5125004316093
"204688_at",415.037372093024,1213.45912790698,3.42058084057148,0.00096178787376285,0.0191011757496057,-4.51251934316232
"203992_s_at",-107.730934883721,160.167553488372,-3.42009907130331,0.000963284892302642,0.0191138711087977,-4.51254201606268
"200782_at",773.315255813954,2300.74446511628,3.41930458413745,0.000965758427804974,0.0191459030665287,-4.51257940237989
"217428_s_at",-384.312609302326,398.378527906977,-3.41739954099251,0.000971713945243482,0.0192423843908464,-4.51266902988626
"204767_s_at",-206.751413953488,627.171362790698,-3.41719601934588,0.000972352233724951,0.0192423843908464,-4.51267860353079
"205420_at",-127.554090697674,250.824543023256,-3.41489632035539,0.000979592101660622,0.0193684567890893,-4.5127867605532
"219090_at",329.940279069768,536.338953488372,3.41452313843074,0.000980771725059318,0.0193745889623199,-4.51280430807026
"204663_at",247.730813953488,591.700593023256,3.41393073504898,0.000982647053907744,0.0193944413660109,-4.51283216161992
"214113_s_at",-301.382651162791,988.855534883721,-3.41361524967667,0.00098364714154322,0.0193969993407147,-4.51284699404286
"218696_at",-268.478813953488,678.77838372093,-3.41266873491789,0.000986653348155597,0.0194390774155183,-4.51289148977302
"204782_at",95.9921511627907,263.954808139535,3.41213082853381,0.000988365637261267,0.0194556108613894,-4.51291677392013
"206538_at",71.9861930232558,222.062903488372,3.40922952132075,0.000997649593575202,0.0196210290323356,-4.51305311316813
"215867_x_at",-773.957372093023,2193.60452325581,-3.40844199309233,0.0010001837629772,0.0196535227428757,-4.51309011050194
"212226_s_at",1004.81920930233,3107.48906976744,3.40780119626132,0.00100225024195157,0.0196767772170985,-4.51312021123162
"201275_at",-269.134479069767,431.961325581395,-3.40689214458211,0.00100518870566979,0.0197170950074295,-4.51316290785481
"208473_s_at",301.289023255814,1303.3223255814,3.40579139962878,0.00100875767107506,0.0197696984912626,-4.51321459999973
"203477_at",521.953093023256,1737.49061627907,3.40450862971845,0.00101293187881922,0.0198054654652338,-4.51327482918169
"213140_s_at",-181.593604651163,549.951523255814,-3.40450492311595,0.00101294396385813,0.0198054654652338,-4.5132750031985
"205830_at",-249.054686046512,303.179989534884,-3.40441133573805,0.00101324914196323,0.0198054654652338,-4.51327939688644
"219007_at",-163.836081395349,299.318238372093,-3.40409087653388,0.00101429478013781,0.0198085281207807,-4.51329444114635
"207317_s_at",441.892209302326,933.456825581395,3.40229500738461,0.00102017342015689,0.0199058881973344,-4.51337873616917
"221536_s_at",-175.231955813953,506.464138372093,-3.3981184925786,0.00103396924813875,0.020152859128035,-4.51357468426591
"213857_s_at",-772.134697674419,2271.5988372093,-3.39791693684956,0.00103463944901818,0.020152859128035,-4.51358413738563
"32259_at",442.573069767442,1376.91593023256,3.39728959748854,0.00103672805883209,0.0201759050960309,-4.51361355819937
"215887_at",378.697511627907,1355.68026744186,3.39605477790865,0.00104085076486731,0.0202384621235063,-4.51367146012561
"203608_at",27.3992558139535,84.916876744186,3.39522590777605,0.00104362677657518,0.0202747475696815,-4.5137103204596
"213058_at",424.158930232558,1487.43704651163,3.39440207740784,0.00104639281607122,0.0203107762373824,-4.51374893956086
"216925_s_at",141.035079069767,275.169076744186,3.3936409527833,0.00104895445208474,0.0203427781164528,-4.51378461478544
"212533_at",-253.17311627907,428.216976744186,-3.39088419878973,0.00105828207117926,0.0205058255583369,-4.51391379329004
"218905_at",-431.323302325581,1245.02388372093,-3.39003113978621,0.00106118422414052,0.0205409571819426,-4.5139537554879
"211730_s_at",550.503162790699,968.71776744186,3.38980969430762,0.00106193881764564,0.0205409571819426,-4.51396412840193
"213027_at",185.142465116279,700.759162790698,3.38918423619359,0.00106407284622808,0.0205624308853748,-4.51399342407924
"219495_s_at",-286.648255813954,663.216313953488,-3.38894371974045,0.00106489454928522,0.0205624308853748,-4.51400468880959
"202007_at",285.067297674419,459.326509302326,3.38386397942148,0.0010823891863215,0.0208821456613004,-4.51424250271016
"219884_at",197.94323255814,303.247495348837,3.38319517262189,0.00108471260870425,0.0209088676987516,-4.51427379960768
"204392_at",135.263397674419,328.65726627907,3.38271595735681,0.00108638027936474,0.0209229142308423,-4.51429622253071
"209694_at",-380.474558139535,911.588,-3.38191183667748,0.00108918404475471,0.0209587979872791,-4.51433384429575
"213620_s_at",156.341967441861,182.820704651163,3.37899266296856,0.00109941980421186,0.0211375077629448,-4.51447038153375
"201814_at",762.506976744186,3281.82627906977,3.37844215567461,0.0011013602138881,0.0211390606537257,-4.51449612316057
"219374_s_at",58.0538581395349,187.873001162791,3.3781937953727,0.00110223668046569,0.0211390606537257,-4.51450773571702
"207395_at",256.554604651163,618.907511627907,3.37816267136785,0.00110234656373151,0.0211390606537257,-4.51450919094688
"215629_s_at",-130.377662790698,352.034598837209,-3.37513919034392,0.00111307023463001,0.0213263491300605,-4.51465052247534
"221087_s_at",226.080206976744,414.608538372093,3.37418876805258,0.0011164614147041,0.0213498986635573,-4.5146949357268
"204738_s_at",158.561337209302,366.945901162791,3.37390606856881,0.0011174719824989,0.0213498986635573,-4.51470814499535
"201378_s_at",-187.077558139535,526.578965116279,-3.37383818315514,0.00111771478106578,0.0213498986635573,-4.51471131688611
"202890_at",-167.396120930233,149.948630232558,-3.37372160831665,0.00111813183774049,0.0213498986635573,-4.51471676367145
"216264_s_at",360.340511627907,1273.70095348837,3.37283118584898,0.00112132223543923,0.0213632876273437,-4.51475836402876
"205376_at",-140.591860465116,229.075944186047,-3.3727661635982,0.00112155554641039,0.0213632876273437,-4.51476140162621
"208057_s_at",155.915976744186,490.800662790698,3.37272334303482,0.00112170921886605,0.0213632876273437,-4.51476340202647
"219857_at",-169.002372093023,530.45288372093,-3.37206755332269,0.00112406516278212,0.0213898753392604,-4.51479403613051
"217637_at",205.371534883721,904.467651162791,3.36981594069134,0.00113218962625426,0.0215100996018959,-4.51489919224908
"217197_x_at",199.651139534884,743.014848837209,3.3696864643404,0.00113265848957024,0.0215100996018959,-4.51490523799085
"203706_s_at",-343.820651162791,851.442255813953,-3.36951517613283,0.00113327904378341,0.0215100996018959,-4.51491323589652
"204759_at",401.875813953489,1204.58009302326,3.36877032743144,0.00113598125183792,0.0215430384976207,-4.51494801235916
"210106_at",222.084511627907,505.867790697674,3.36679726450821,0.00114316857215878,0.0216564982211418,-4.5150401134634
"202926_at",85.0557046511628,191.664812790698,3.36659498290355,0.00114390784033945,0.0216564982211418,-4.51504955419059
"205756_s_at",598.147930232559,1971.95975581395,3.36577615637982,0.00114690496022397,0.0216948074946271,-4.5150877667215
"206976_s_at",-478.047209302326,1191.24090697674,-3.3652179429008,0.00114895240016951,0.0217151029117702,-4.51511381426602
"221588_x_at",534.779744186047,1710.41308139535,3.36433771774731,0.00115218791438609,0.0217254290862426,-4.51515488293909
"201629_s_at",-108.161830232558,281.69166627907,-3.36428759638357,0.00115237240713036,0.0217254290862426,-4.5151572212793
"209302_at",-367.776395348837,1356.32456976744,-3.36427366447946,0.00115242369429335,0.0217254290862426,-4.51515787124897
"201287_s_at",-481.094069767442,1302.78710465116,-3.36203290409728,0.00116070054531535,0.0218570563589241,-4.51526239144925
"202207_at",-444.979348837209,1514.1968372093,-3.36160033137031,0.00116230479323671,0.0218570563589241,-4.51528256450286
"208503_s_at",142.392734883721,288.99228372093,3.36158855211421,0.00116234850717251,0.0218570563589241,-4.51528311380971
"219806_s_at",-289.281953488372,676.26,-3.35980631652433,0.00116898039558321,0.0219632294728335,-4.51536621366123
"200681_at",-659.167651162791,1243.04229069767,-3.3591931533171,0.0011712702560774,0.0219877128190165,-4.51539479801383
"206055_s_at",-284.648644186047,659.511461627907,-3.35489018115751,0.00118745877365187,0.0222556241092891,-4.51559531467889
"202484_s_at",598.570325581396,1372.02730232558,3.35486892882444,0.00118753924812389,0.0222556241092891,-4.51559630468647
"205044_at",-513.19511627907,834.423069767442,-3.35425285280714,0.00118987432276424,0.0222806466673576,-4.51562500218696
"216456_at",54.153423255814,123.164825581395,3.35286541669,0.00119514885235229,0.0223521553822799,-4.51568962013094
"40189_at",-561.268627906976,1805.91538372093,-3.35272093614986,0.00119569937690964,0.0223521553822799,-4.51569634828964
"219918_s_at",-88.7032209302326,123.124098837209,-3.34934435035564,0.00120863351498544,0.0225750047061363,-4.51585354450177
"219134_at",359.0726,902.588537209302,3.34640700036383,0.00121999199589156,0.0227680750791051,-4.51599022287596
"214126_at",92.1975023255814,173.298130232558,3.34538147252115,0.00122398119755313,0.0228133034560187,-4.51603792669094
"201911_s_at",-88.5413906976744,195.740690697674,-3.34520597466594,0.00122466509408674,0.0228133034560187,-4.51604608942159
"204064_at",-161.268139534884,447.119348837209,-3.34499521314033,0.00122548688403062,0.0228133034560187,-4.51605589202593
"200789_at",553.804488372093,1174.54210465116,3.34438655871852,0.00122786302684802,0.0228211399272237,-4.51608419892178
"210010_s_at",348.517744186047,849.497151162791,3.34414723959675,0.00122879849677224,0.0228211399272237,-4.516095328256
"200971_s_at",-327.966813953488,941.482523255814,-3.34410075045476,0.00122898029496335,0.0228211399272237,-4.5160974901446
"206365_at",132.337546511628,306.112794186047,3.34337808947744,0.00123180955047644,0.0228241858743027,-4.51613109402626
"214696_at",622.054023255814,1711.67543023256,3.34334265074964,0.00123194845227052,0.0228241858743027,-4.51613274183353
"200787_s_at",409.472976744186,1507.38786046512,3.34307029560552,0.0012330164373063,0.0228241858743027,-4.51614540531408
"200996_at",-865.022976744186,2098.68827906977,-3.34301293521759,0.00123324147523495,0.0228241858743027,-4.51614807228347
"209075_s_at",699.488186046512,2328.02451162791,3.34250898976137,0.00123522022839486,0.0228418359745417,-4.51617150215002
"209351_at",-850.86231627907,1004.0485627907,-3.34176904708322,0.00123813103717363,0.0228766781934826,-4.51620590074869
"214451_at",-189.312225581396,299.26408255814,-3.3414285120976,0.00123947280868765,0.0228824959370231,-4.51622173022387
"212931_at",-103.031823255814,281.232041860465,-3.34000934219806,0.00124507932996962,0.0229660553196824,-4.51628768973343
"218072_at",80.1274488372093,323.131322093023,3.33976165709866,0.00124606026484297,0.0229660553196824,-4.51629919997348
"214379_at",134.424720930233,444.218593023256,3.33926893731339,0.00124801379739105,0.0229830507828634,-4.51632209591422
"213627_at",-492.665558139535,1401.0641744186,-3.33597858145415,0.00126113333960865,0.0231800070901289,-4.51647494693123
"208539_x_at",113.036781395349,336.470493023256,3.33588059643072,0.00126152601218025,0.0231800070901289,-4.51647949750217
"213353_at",183.094837209302,705.579395348837,3.33580486490425,0.0012618295831049,0.0231800070901289,-4.5164830145379
"203221_at",798.044883720931,4040.19523255814,3.33462205368917,0.00126657981469824,0.0232481037981227,-4.51653793967506
"201193_at",450.166488372093,1297.22389534884,3.33365547867879,0.00127047409868576,0.0233003904041274,-4.51658281581446
"211499_s_at",84.6905581395349,157.474465116279,3.33315984345517,0.00127247534900123,0.0233179014817389,-4.51660582443037
"213895_at",215.6063,582.954919767442,3.32991912346046,0.00128563372107843,0.0235396682060728,-4.51675622097324
"207705_s_at",316.923651162791,1076.15275581395,3.32694869454987,0.00129780678654704,0.023743044847806,-4.51689400400049
"219999_at",141.744860465116,306.325753488372,3.32609166507338,0.00130133903610303,0.0237881359651221,-4.51693374480357
"201701_s_at",273.617348837209,930.963790697674,3.32565806440973,0.00130312956012834,0.0238013409740491,-4.51695384892132
"200978_at",1071.60665116279,2370.36686046512,3.32445173811792,0.00130812318124547,0.0238729802192406,-4.51700977336143
"202031_s_at",277.336979069768,696.510387209302,3.32039622080594,0.00132504317770107,0.0241619780104034,-4.51719770331951
"210778_s_at",127.034706976744,223.382639534884,3.31978629414067,0.0013276055547402,0.0241889080754504,-4.51722595610244
"219815_at",-214.250953488372,442.651825581395,-3.31949117376157,0.00132884706131616,0.0241917476040097,-4.51723962553678
"201029_s_at",1016.59418604651,3309.80662790698,3.31897464196662,0.0013310226209846,0.0242115731129795,-4.51726354874686
"221553_at",-202.08751627907,450.14771627907,-3.31741214957962,0.00133762399567276,0.0243118070926397,-4.51733590334059
"37892_at",-982.577274418605,621.502141860465,-3.31710564250691,0.00133892255852033,0.024315575689901,-4.51735009463331
"215304_at",-286.778127906977,655.136422093023,-3.31462722243278,0.00134946631401303,0.0244852837731471,-4.51746481930516
"207646_s_at",416.710651162791,1291.27246511628,3.31439339145287,0.00135046509703351,0.0244852837731471,-4.51747564079168
"212686_at",-208.743434883721,339.633208139535,-3.31310977337072,0.00135596030053566,0.0245649295746636,-4.51753503804473
"220147_s_at",-632.136651162791,1950.94330232558,-3.31167772611447,0.00136211570069639,0.024656396554523,-4.51760128875891
"211784_s_at",-594.854093023256,1931.74788372093,-3.31094032678743,0.00136529550075711,0.0246938958144242,-4.51763539690694
"37966_at",160.903348837209,405.621023255814,3.30884757347497,0.00137435782030408,0.0248376442091125,-4.51773217383336
"215281_x_at",40.9038888372093,56.5518944186047,3.30729086553802,0.0013811354671892,0.0249218253074965,-4.51780414022842
"203401_at",-250.269860465116,877.54411627907,-3.30726399881872,0.00138125271528781,0.0249218253074965,-4.51780538211026
"201599_at",-904.586395348837,3030.8298255814,-3.30565105683576,0.00138830883658834,0.0250288720110825,-4.51787992828111
"204485_s_at",-240.665465116279,727.273941860465,-3.30421872406913,0.00139460319121312,0.0251220233708989,-4.51794611041873
"218507_at",644.816511627906,2484.20988372093,3.30266364040032,0.00140146728558274,0.0252252790990632,-4.51801794653671
"205034_at",-244.035558139535,576.398046511628,-3.30135018349195,0.00140728952748524,0.0252932429560202,-4.51807860638678
"212558_at",874.633674418605,3301.42409302326,3.30126859190758,0.00140765195119125,0.0252932429560202,-4.51808237412269
"207483_s_at",-176.126113953488,401.136703488372,-3.30104434298931,0.00140864849923355,0.0252932429560202,-4.51809272922481
"202908_at",391.902488372093,1387.87273255814,3.30026184355531,0.00141213106445114,0.0253353595081842,-4.51812885953202
"202611_s_at",-100.002058139535,163.987175581395,-3.29960007659773,0.00141508260460847,0.0253678887196223,-4.51815941158862
"221365_at",201.234953488372,685.150523255814,3.29868275086164,0.00141918353277581,0.0254101651997732,-4.51820175655447
"206082_at",-160.569767441861,360.188953488372,-3.29856258403503,0.00141972156683201,0.0254101651997732,-4.51820730313378
"56256_at",829.642186046511,2346.4928372093,3.29701969483345,0.00142664671065908,0.0254996631673506,-4.51827850889127
"209917_s_at",61.1475,140.995263953488,3.29673471137813,0.00142792929982353,0.0254996631673506,-4.51829165913336
"221556_at",371.762518604651,1030.97543837209,3.29668456941046,0.00142815507933643,0.0254996631673506,-4.51829397281349
"218445_at",-120.840567441861,264.458144186047,-3.29443964736951,0.00143829790718901,0.0256442903640933,-4.5183975394591
"210139_s_at",873.246,2761.79304651163,3.29438252332007,0.00143855687991369,0.0256442903640933,-4.51840017429777
"213553_x_at",-710.305372093023,2108.52894186047,-3.29322967834348,0.00144379267716151,0.0257170521384411,-4.51845334372404
"212276_at",341.326418604651,1163.09206976744,3.29251850536027,0.00144703147120338,0.0257541551699879,-4.51848613803625
"213519_s_at",258.02823255814,751.022651162791,3.29123758185136,0.00145288219565223,0.0258376488154178,-4.51854519538897
"210130_s_at",209.572418604651,624.276372093023,3.28965337807474,0.0014601488660755,0.0259461700022012,-4.51861821801725
"217492_s_at",402.320069767442,1111.71070930233,3.28649486825276,0.00147473864128249,0.0261794255150188,-4.51876374905928
"214771_x_at",695.58088372093,2314.43374418605,3.28630386423363,0.00147562529492724,0.0261794255150188,-4.51877254725401
"213422_s_at",537.098418604652,1514.54897674419,3.28560684234705,0.00147886516009562,0.0262043068603196,-4.51880465168763
"218239_s_at",-308.187279069768,816.628848837209,-3.28520300312073,0.00148074531752683,0.0262043068603196,-4.51882325056955
"208788_at",1477.09162790698,4504.77325581395,3.28507614833771,0.00148133637877045,0.0262043068603196,-4.51882909262625
"203886_s_at",299.524020930233,452.837801162791,3.2849913381266,0.00148173166288214,0.0262043068603196,-4.51883299833021
"202458_at",-753.45723255814,1207.09177906977,-3.2842329790654,0.00148527062751963,0.0262460629603647,-4.51886792001591
"222112_at",-120.594251162791,237.55526744186,-3.28390160591844,0.00148681950290104,0.0262526140912392,-4.51888317802037
"215722_s_at",-110.083465116279,280.699186046512,-3.28363228945714,0.00148807943376774,0.0262540570250566,-4.51889557801015
"214629_x_at",1544.30209302326,5750.22802325581,3.28219052044742,0.0014948414366616,0.0263524934597551,-4.51896195100627
"216640_s_at",-272.281588372093,379.091056976744,-3.28034512749887,0.00150353850273825,0.0264848604399339,-4.51904688157828
"215235_at",340.438674418605,657.524848837209,3.27887384549984,0.00151050640054597,0.026586583035834,-4.51911457544836
"201456_s_at",-167.039302325581,537.962720930233,-3.27804938374667,0.0015144242212347,0.0266345027006889,-4.51915250166853
"204623_at",-648.166511627907,780.125079069767,-3.27730080586528,0.00151798969244112,0.0266761548238687,-4.51918693255335
"214665_s_at",236.962688372093,722.993679069767,3.27546102112025,0.00152678603527325,0.0268095927691047,-4.51927153500124
"202620_s_at",697.268953488372,1933.34412790698,3.2746961903595,0.00153045686921911,0.026852890091976,-4.51930669795135
"212705_x_at",82.1101581395349,149.421576744186,3.27176379067148,0.00154460782596195,0.027065026163508,-4.51944147214181
"205047_s_at",-131.111248837209,217.333601162791,-3.27168771217878,0.00154497658663475,0.027065026163508,-4.51944496784357
"213049_at",-197.231651162791,663.307104651163,-3.27066534759717,0.00154994010884201,0.0271306484252369,-4.51949193969395
"AFFX-r2-Bs-thr-M_s_at",317.622790697674,951.772697674419,3.27025729226818,0.00155192536360787,0.0271440760418165,-4.51951068523741
"203603_s_at",199.069158139535,440.126844186047,3.26964493392821,0.00155490905686895,0.0271749321680085,-4.51953881375661
"202552_s_at",526.888093023256,1638.48234883721,3.26889678891266,0.00155856166106305,0.0272174212331254,-4.51957317561681
"205097_at",-101.420493023256,159.39348372093,-3.26669598972998,0.00156935310033993,0.0273844127916012,-4.51967423160675
"200862_at",-563.813255813954,1399.98139534884,-3.26552862953464,0.00157510553261992,0.0274632837115568,-4.51972781887654
"213301_x_at",-226.352139534884,525.307604651163,-3.26473281046891,0.00157903842957781,0.0275103309822379,-4.5197643445489
"212586_at",564.533209302326,1452.00388372093,3.26414196307662,0.00158196431595064,0.0275397741033813,-4.51979145942971
"218970_s_at",269.080627906977,777.109058139535,3.26228327503351,0.00159120172570918,0.0276789602294908,-4.5198767395552
"209175_at",-262.582246511628,711.757365116279,-3.26194273173608,0.00159289964396426,0.0276868820331168,-4.51989236138336
"208707_at",296.158441860465,1320.94668604651,3.26100908540367,0.00159756342993503,0.0277463023454733,-4.51993518609855
"221634_at",48.4471139534884,72.6425523255814,3.26002407977773,0.00160249763168147,0.0278103229959177,-4.51998035914045
"204461_x_at",-194.168651162791,676.512790697674,-3.25966740262564,0.00160428785699422,0.0278197247606244,-4.51999671471915
"214636_at",187.757879069768,492.052106976744,3.25786614138116,0.00161335735727714,0.0279552426066924,-4.52007929699542
"200977_s_at",-317.836279069767,1058.49672093023,-3.25617259395248,0.00162192829042776,0.0280819177122004,-4.52015691760404
"210985_s_at",-128.66196744186,309.364202325581,-3.25527160868524,0.00162650547827103,0.028136223257494,-4.52019820337582
"203035_s_at",-256.598553488372,611.262467441861,-3.25461401533063,0.00162985381943385,0.028136223257494,-4.52022833217628
"219716_at",272.175395348837,767.898581395349,3.25444144212787,0.00163073359828669,0.028136223257494,-4.52023623835671
"202107_s_at",-413.375395348838,1419.66646511628,-3.25440557455322,0.00163091650713389,0.028136223257494,-4.52023788154592
"202227_s_at",-415.072651162791,1463.32388372093,-3.2542292257714,0.0016318160878014,0.028136223257494,-4.52024596040594
"201336_at",384.054372093023,931.297674418605,3.2538724279365,0.00163363758653982,0.028136223257494,-4.52026230521578
"204023_at",-307.562162790698,988.303872093023,-3.25352120289606,0.00163543249497157,0.028136223257494,-4.52027839375535
"221610_s_at",-101.654765116279,286.301268604651,-3.25337263319119,0.00163619230464864,0.028136223257494,-4.52028519898358
"218440_at",120.921813953488,318.749558139535,3.25327865496068,0.00163667309530174,0.028136223257494,-4.5202895035619
"201542_at",457.671186046512,1357.67603488372,3.2530796604084,0.00163769158394156,0.028136223257494,-4.52029861807688
"216060_s_at",292.154093023256,1119.71981395349,3.25259601649311,0.00164016943211044,0.0281412597007146,-4.52032076903562
"203845_at",304.90791627907,669.945111627907,3.25252949033087,0.00164051053947979,0.0281412597007146,-4.52032381579848
"208092_s_at",298.987813953489,1247.28002325581,3.25205421637912,0.00164294940039747,0.0281507349898363,-4.52034558136061
"214720_x_at",166.87503255814,519.750995348837,3.25192957400385,0.00164358956252646,0.0281507349898363,-4.52035128916528
"214436_at",-263.211697674419,656.043313953488,-3.25094333282228,0.00164866313032488,0.0281996685037343,-4.52039644822149
"218205_s_at",610.478209302325,1919.10245348837,3.25079511120467,0.0016494269002847,0.0281996685037343,-4.5204032344849
"203757_s_at",-723.156790697675,1564.41034883721,-3.25063677941552,0.00165024313283084,0.0281996685037343,-4.52041048344617
"218899_s_at",309.566418604651,1185.43023255814,3.24962154015667,0.0016554858916257,0.0282675801709545,-4.52045695979576
"204162_at",-63.6264455813954,52.604048372093,-3.24924302093591,0.00165744457650997,0.0282732623951965,-4.52047428583141
"200907_s_at",-378.412986046512,492.61176744186,-3.24906696714592,0.00165835632322945,0.0282732623951965,-4.52048234399
"37549_g_at",63.0319441860465,173.739641860465,3.24719769342517,0.00166806591606001,0.0284170587213802,-4.5205678873788
"201569_s_at",371.58841627907,754.90803372093,3.24689069110177,0.00166966566155458,0.0284225820751877,-4.5205819340481
"212239_at",489.333534883722,1591.05025581395,3.24465632337363,0.0016813519741258,0.0285990259699217,-4.52068414340606
"205407_at",233.312611627907,391.873212790698,3.24379213817383,0.00168589238284133,0.0285990259699217,-4.52072366423705
"218039_at",-536.598511627907,1928.19765116279,-3.24377929124627,0.00168595996679496,0.0285990259699217,-4.52072425170671
"203434_s_at",248.404823255814,477.882537209302,3.24369075983211,0.00168642577380732,0.0285990259699217,-4.5207283000725
"221245_s_at",116.218511627907,435.485581395349,3.24368654171227,0.00168644797040242,0.0285990259699217,-4.52072849295718
"205141_at",46.7987395348838,152.760881395349,3.2432143398543,0.00168893452116996,0.028619363105225,-4.52075008474298
"219440_at",292.72923255814,981.728825581395,3.2429712489553,0.00169021594248872,0.028619363105225,-4.52076119956673
"219974_x_at",175.002613953488,408.124041860465,3.24272593176172,0.00169151002197506,0.0286195275775781,-4.52077241570706
"203197_s_at",65.6464186046512,286.826348837209,3.24135671491558,0.00169874986531704,0.0287066893450749,-4.52083500884393
"36829_at",462.817441860466,2289.39127906977,3.24126456986029,0.00169923812979194,0.0287066893450749,-4.52083922067858
"220902_at",163.625209302326,437.823953488372,3.24002035863975,0.00170584391510981,0.0287964545154483,-4.52089608539493
"213644_at",168.98988372093,477.134569767442,3.23932216646352,0.00170956128771184,0.0288233563228996,-4.5209279897728
"200720_s_at",170.598302325581,400.769965116279,3.23923525662853,0.00171002455050367,0.0288233563228996,-4.52093196090659
"210115_at",-123.822434883721,183.941101162791,-3.23888814088457,0.00171187598266956,0.0288327532288933,-4.52094782091744
"212788_x_at",1533.45651162791,5737.08546511628,3.23789185551852,0.00171720035481331,0.028871566531391,-4.52099333670438
"214096_s_at",-270.460651162791,751.93976744186,-3.23778987552381,0.00171774623224455,0.028871566531391,-4.52099799526436
"212518_at",191.597372093023,596.1175,3.23772987833603,0.00171806746042384,0.028871566531391,-4.52100073596413
"213231_at",200.541488372093,676.169441860465,3.23729774307558,0.00172038279710808,0.0288886886721622,-4.52102047525865
"208367_x_at",69.9019302325581,288.003197674419,3.23568595071626,0.00172904439779302,0.0290122713223056,-4.52109408639618
"219331_s_at",73.2191813953489,186.73631627907,3.23348096554026,0.00174095986574535,0.0291902247467297,-4.52119475528235
"220326_s_at",43.0640558139535,83.7305186046512,3.23247752651783,0.00174640772605749,0.0292529728949136,-4.5212405545643
"203921_at",176.542744186047,722.52388372093,3.23230833481012,0.0017473278698169,0.0292529728949136,-4.521248276073
"213156_at",444.884488372093,1170.99322093023,3.23162234034414,0.00175106327902321,0.0292935007856413,-4.52127958089001
"204455_at",-654.029293023256,987.99651627907,-3.23105586285867,0.0017541535195517,0.0293231829528661,-4.52130542880671
"211178_s_at",212.1222,629.571737209302,3.23045959245949,0.00175741179738791,0.0293556274971475,-4.52133263337709
"209789_at",254.611023255814,898.928465116279,3.23016646594721,0.00175901564181947,0.029360408649186,-4.52134600610003
"206059_at",466.772837209302,1673.98265116279,3.22926173668331,0.00176397451634743,0.0294135370645844,-4.52138727641101
"202156_s_at",301.914325581396,458.568572093023,3.22910432677859,0.00176483862385448,0.0294135370645844,-4.52139445618335
"221310_at",58.9793720930233,237.728244186047,3.22837407793123,0.00176885253426335,0.0294345830770794,-4.52142776165962
"213187_x_at",1398.85233488372,3257.77232093023,3.22819455248349,0.00176984062688941,0.0294345830770794,-4.52143594887255
"209721_s_at",117.908272093023,262.843889534884,3.22815393859099,0.00177006423386826,0.0294345830770794,-4.52143780102308
"219787_s_at",-377.974162790698,948.763872093023,-3.22674332658417,0.00177784702750055,0.0295419577284077,-4.52150212218116
"203179_at",142.037372093023,608.080802325581,3.22623158408843,0.00178067837726378,0.0295566005547813,-4.52152545269771
"210835_s_at",-499.439581395349,2135.49462790698,-3.2257473976602,0.00178336114861657,0.0295566005547813,-4.52154752498961
"203148_s_at",-214.5394,386.076206976744,-3.22555354623681,0.0017844362965124,0.0295566005547813,-4.52155636144113
"202310_s_at",-671.180393023256,904.341254651163,-3.22535859943887,0.00178551813104264,0.0295566005547813,-4.52156524751969
"201693_s_at",464.913813953489,1226.20618604651,3.22521796461116,0.00178629894850867,0.0295566005547813,-4.52157165775686
"212591_at",-150.161604651163,281.224462790698,-3.22514813737898,0.00178668675435491,0.0295566005547813,-4.52157484047362
"216908_x_at",268.175309302326,500.059856976744,3.22402050070754,0.00179296032717314,0.0296383790581596,-4.52162623259623
"209459_s_at",-193.417212325581,183.010115232558,-3.2236585448217,0.00179497842203269,0.0296497436457779,-4.521642726597
"205133_s_at",-419.936860465116,1408.76536046512,-3.22300386004504,0.00179863403238071,0.0296881201063254,-4.52167255731387
"201160_s_at",488.801558139535,2125.98047674419,3.22240428169008,0.00180198804850379,0.0297214653477497,-4.52169987408463
"204593_s_at",111.807023255814,497.936674418605,3.22152901756321,0.0018068947426882,0.0297803517391429,-4.5217397459017
"217322_x_at",-126.356095348837,302.380922093023,-3.21887092277946,0.00182187261171147,0.0300050165608032,-4.521860795078
"219638_at",79.126146511628,216.388596511628,3.21772021655588,0.00182839256857003,0.0300901562817179,-4.52191318039487
"217022_s_at",-1070.56391162791,1177.76573953488,-3.21617308340155,0.00183719309094675,0.0302126742771708,-4.52198359602565
"209674_at",-202.526546511628,383.859201162791,-3.21565349687275,0.00184015751647649,0.0302148466157411,-4.52200723995943
"209147_s_at",454.738418604652,1043.34637209302,3.21547322086324,0.00184118709970782,0.0302148466157411,-4.52201544296189
"202208_s_at",-107.275118604651,172.192519767442,-3.21543716816872,0.00184139306665065,0.0302148466157411,-4.52201708341682
"203070_at",51.9230093023256,108.976995348837,3.21514598942606,0.00184305734361185,0.0302199019777063,-4.5220303321282
"221191_at",-89.1322976744186,239.572246511628,-3.21386605971379,0.00185038967066435,0.0303178184054513,-4.52208856115915
"217504_at",135.173372093023,341.316523255814,3.21294786793816,0.00185566650128203,0.0303819372873384,-4.52213032516027
"212225_at",104.275939534884,309.905588372093,3.21221704681398,0.00185987656768607,0.0304258172897033,-4.5221635617285
"218911_at",-140.276920930233,297.167555813953,-3.21200886921228,0.0018610774566201,0.0304258172897033,-4.52217302852064
"202404_s_at",-1364.7178372093,3329.12038372093,-3.21012845633251,0.00187195765900381,0.0305812555099573,-4.52225852365379
"211708_s_at",39.9072744186047,118.905913953488,3.20978324509323,0.00187396152422743,0.0305915638420218,-4.52227421597142
"216895_at",212.768790697675,843.432139534884,3.20953714798956,0.00187539128061813,0.0305924918784873,-4.52228540225438
"219678_x_at",-289.46523255814,1278.55601162791,-3.2092211870983,0.00187722842134497,0.0306000591900732,-4.52229976345963
"203120_at",-157.810279069767,320.181655813954,-3.20873073915253,0.00188008344189524,0.0306241954208712,-4.52232205393249
"211753_s_at",106.855574418605,194.944573255814,3.20786918721662,0.00188510858115965,0.0306836190752231,-4.52236120607187
"215553_x_at",-378.995627906977,1242.78727906977,-3.20681717263269,0.00189126164783988,0.0307613016779679,-4.52240900538901
"214479_at",44.7602953488372,158.672587209302,3.20391489141343,0.00190833409480265,0.0310163447370441,-4.52254082684876
"213306_at",433.00723255814,1040.1168255814,3.20199482006351,0.00191970781054159,0.0311784614739783,-4.52262799879789
"210427_x_at",1381.45581395349,4358.96674418605,3.20075584250737,0.00192708059730224,0.0312754092860057,-4.52268423292956
"219499_at",-157.557744186046,482.880941860465,-3.19988703552028,0.00193226638169997,0.0313367480228678,-4.52272365848507
"219727_at",111.286248837209,301.684247674419,3.19959564142347,0.00193400858930049,0.0313421915602784,-4.52273688026981
"200943_at",-469.354506976744,1189.36688604651,-3.19680784615537,0.00195075080627625,0.0315905379478588,-4.52286333939822
"215315_at",108.857209302326,251.871453488372,3.19520590859683,0.00196043246553589,0.0317242677048194,-4.52293597734801
"202922_at",554.564534883721,1859.99261627907,3.1944244329155,0.00196517175729407,0.0317778826326442,-4.52297140483363
"221835_at",55.9382325581395,185.261718604651,3.19327539831399,0.00197215956584098,0.0318416570732847,-4.52302348621233
"218854_at",390.883906976745,1211.87662790698,3.19323260845376,0.00197242023840743,0.0318416570732847,-4.5230254255061
"206070_s_at",68.1530116279069,146.023370930233,3.19307141216666,0.00197340252291909,0.0318416570732847,-4.52303273100338
"203329_at",315.471,819.919476744186,3.19188501860824,0.00198064613904085,0.0319354109379503,-4.52308649242802
"214619_at",64.3557162790698,208.726927906977,3.18871355731388,0.00200013185019311,0.0322096961636536,-4.52323015068818
"204123_at",-156.179320930233,273.619758139535,-3.18864607959336,0.00200054837726054,0.0322096961636536,-4.52323320634444
"203167_at",44.8141790697675,185.444847674419,3.18805603348719,0.00200419407189727,0.0322450949487992,-4.52325992436132
"218648_at",550.601860465116,2713.41023255814,3.18632913369359,0.00201489968346158,0.0323939463539497,-4.52333810412683
"219186_at",217.394093023256,674.112534883721,3.18554024255404,0.00201980802395012,0.0324494464294741,-4.52337381046942
"211905_s_at",128.217869767442,453.155809302326,3.18455837391654,0.00202593263233967,0.0325103829624068,-4.52341824411869
"210095_s_at",914.756720930233,2159.00426744186,3.18446452239082,0.00202651895771588,0.0325103829624068,-4.52342249087727
"200644_at",-241.835790697675,619.444104651163,-3.18374012351392,0.00203104988099937,0.0325596291354741,-4.52345526731645
"214569_at",419.074720930233,1613.62773255814,3.18137442077789,0.00204591269586657,0.0327680160202665,-4.52356227682088
"218331_s_at",-448.537837209302,1320.23889534884,-3.18116409981387,0.00204723896635559,0.0327680160202665,-4.52357178819146
"204510_at",-377.548767441861,1447.24887209302,-3.18097049352966,0.00204846054464082,0.0327680160202665,-4.52358054335053
"221695_s_at",218.971139534884,978.704081395349,3.17991367641577,0.00205514064265827,0.0328121616107827,-4.52362832873041
"212327_at",473.26134883721,1452.18197674419,3.17988998780734,0.00205529061016255,0.0328121616107827,-4.52362939973681
"207376_at",74.9241930232559,255.136910465116,3.17983514886732,0.00205563782294362,0.0328121616107827,-4.52363187909038
"208700_s_at",395.561753488372,1191.32717906977,3.17950466996849,0.00205773140990965,0.032822068007886,-4.52364682003028
"38487_at",226.607,763.148569767442,3.17763736611607,0.0020695982440391,0.0329877379627491,-4.52373122388275
"212227_x_at",1060.4418372093,2804.3475,3.17730856159742,0.00207169442089686,0.0329975459477089,-4.52374608317606
"218698_at",396.984744186047,1414.24344186047,3.17640996435292,0.00207743322311888,0.0330343925345579,-4.52378668792772
"203543_s_at",118.486413953488,230.557539534884,3.17631903108285,0.00207801478547423,0.0330343925345579,-4.52379079654216
"204445_s_at",111.931904651163,402.756959302326,3.1762501757367,0.00207845524989679,0.0330343925345579,-4.52379390757014
"218846_at",-136.697755813954,465.432401162791,-3.17528677014442,0.00208462725728787,0.0331088732531331,-4.52383743214147
"219543_at",243.918186046512,1036.02255813953,3.17358594390359,0.00209556528951043,0.0332407608084646,-4.5239142530841
"211509_s_at",1301.49325581395,4855.7661627907,3.17353173679847,0.00209591477520499,0.0332407608084646,-4.52391670105501
"204266_s_at",-131.627760465116,204.51716627907,-3.17282406296771,0.00210048230491358,0.0332667959578024,-4.52394865709243
"209714_s_at",-285.857651162791,898.482895348837,-3.17281479213223,0.00210054220314266,0.0332667959578024,-4.52394907570299
"201507_at",196.432209302326,466.726988372093,3.17140267261844,0.00210968444674924,0.0333878540674101,-4.52401282953427
"201118_at",155.582139534884,353.519093023256,3.17007994365397,0.00211828163348582,0.0335001203967102,-4.52407253264462
"205315_s_at",266.181727906977,657.894619767442,3.16965890946399,0.00212102503234307,0.0335197168763834,-4.52409153354015
"202704_at",-668.15611627907,1815.70215116279,-3.16808944597145,0.00213128067415509,0.0336579215182126,-4.52416234909424
"213503_x_at",1323.39813953488,5137.6388372093,3.16570653884177,0.00214694024633655,0.0338670534607604,-4.52426982893068
"209524_at",-212.484260465116,407.602911627907,-3.16540961523132,0.00214889902110821,0.0338670534607604,-4.52428321822439
"204362_at",162.39323255814,206.982758139535,3.16533332172203,0.00214940259078601,0.0338670534607604,-4.5242866584397
"218684_at",-265.903511627907,830.338825581395,-3.16511748450719,0.00215082780476823,0.0338670534607604,-4.52429639067709
"219083_at",-305.886069767442,659.410709302326,-3.16487618747014,0.0021524221785649,0.0338670534607604,-4.52430727045662
"218807_at",-647.330697674419,2652.77348837209,-3.16469162049467,0.00215364245181966,0.0338670534607604,-4.52431559202312
"220990_s_at",-534.383813953489,1483.32037209302,-3.16375780092648,0.00215982634377309,0.0339403458521126,-4.52435769078954
"211709_s_at",-277.942751162791,293.451905813953,-3.1634399095284,0.00216193524445706,0.0339495440819146,-4.52437202042484
"204347_at",195.334325581395,571.33076744186,3.16296441661851,0.00216509326402159,0.0339751923959107,-4.52439345271976
"206802_at",51.7721348837209,174.759993023256,3.16217777544799,0.00217032724706807,0.0340333582311174,-4.52442890554162
"200771_at",678.730488372093,2065.30496511628,3.15997307030345,0.00218505940283251,0.0342402803609823,-4.52452824113183
"31874_at",165.565967441861,456.506086046512,3.15865464625238,0.00219391381524754,0.0343323293235555,-4.52458762496929
"214247_s_at",-351.759255813954,1062.55262790698,-3.15833167933838,0.00219608792803414,0.0343323293235555,-4.52460216968784
"218181_s_at",340.921906976744,1163.71937209302,3.1581503291971,0.00219730960156244,0.0343323293235555,-4.52461033635667
"214835_s_at",285.450837209302,764.526976744186,3.15808210835112,0.00219776933846643,0.0343323293235555,-4.52461340844803
"212762_s_at",365.749441860465,1303.05776744186,3.1579533536281,0.00219863725462073,0.0343323293235555,-4.52461920636898
"202870_s_at",-66.4942162790698,109.912722093023,-3.15719111043734,0.00220378197250431,0.0343885670121243,-4.5246535279191
"214179_s_at",276.790279069767,708.637906976744,3.15518095746855,0.00221740328381978,0.0345769050898223,-4.52474401593066
"209605_at",179.792776744186,240.686706976744,3.15482916407324,0.00221979518363256,0.0345899972565625,-4.52475984861789
"208887_at",71.5001744186047,143.206822093023,3.15391645662998,0.00222601205193351,0.0346476676540955,-4.52480092078827
"203050_at",-231.374390697674,398.791011627907,-3.15361791576303,0.0022280490718656,0.0346476676540955,-4.52481435372855
"59375_at",369.863534883721,1323.58518604651,3.15360154429346,0.00222816082880756,0.0346476676540955,-4.52481509034646
"209159_s_at",-119.006495348837,272.326361627907,-3.15189516350576,0.00223983784345752,0.0347830419555805,-4.52489185497494
"216610_at",235.152904651163,551.712940697674,3.15187319251856,0.00223998856555482,0.0347830419555805,-4.52489284322103
"211000_s_at",218.927093023256,813.552639534884,3.15081812220971,0.00224723754291659,0.0348317103318799,-4.52494029510806
"214723_x_at",-104.59682,152.952423953488,-3.15074393490124,0.00224774807721393,0.0348317103318799,-4.52494363133924
"209952_s_at",38.1833697674419,128.788275581395,3.15062649155894,0.00224855650737564,0.0348317103318799,-4.5249489127165
"201531_at",165.315488372093,589.180953488372,3.15050757410306,0.00224937536092874,0.0348317103318799,-4.52495426026656
"208303_s_at",52.1045,174.60216627907,3.15017132564177,0.00225169223856275,0.034843373716593,-4.52496938024529
"207856_s_at",-91.0468395348837,161.900431395349,-3.14807272980833,0.00226620269987221,0.0350435772111398,-4.52506372577644
"59644_at",-113.410809302326,250.269925581395,-3.14504221188648,0.0022873107090519,0.0353454539041633,-4.52519990220391
"217359_s_at",291.423953488372,1133.83748837209,3.14336843783641,0.00229904721399789,0.0355021961673701,-4.5252750803007
"212504_at",554.641627906977,1946.21074418605,3.14178987784828,0.00231016748814187,0.0356492120071089,-4.52534596028791
"210746_s_at",69.3373255813954,278.124755813953,3.14096424555993,0.00231600365866993,0.0357145394644581,-4.52538302422647
"41660_at",-142.520837209302,163.247739534884,-3.14070055023646,0.00231787054260803,0.0357186094750586,-4.52539486071979
"219010_at",-237.742651162791,676.298511627907,-3.14046602993291,0.00231953205435431,0.0357195112420022,-4.52540538714294
"202076_at",-474.417046511628,2013.39591860465,-3.14023383211342,0.00232117820542795,0.0357201753809053,-4.52541580886621
"214030_at",287.07588372093,738.031337209302,3.13811205584164,0.00233627090757983,0.0359276222454116,-4.52551101944893
"221524_s_at",76.7105976744187,153.147647674419,3.13759819917823,0.00233993982316028,0.0359592269513659,-4.52553407207066
"202074_s_at",489.611837209303,1125.44380232558,3.13672003293668,0.0023462223248524,0.0360309249239738,-4.52557346319256
"215380_s_at",-662.108186046511,2137.28362790698,-3.13620118352586,0.00234994161579208,0.0360631880335365,-4.52559673370738
"215915_at",175.581251162791,433.806397674419,3.13560318085296,0.00235423511902057,0.0361042127716004,-4.52562355145126
"212626_x_at",-266.113330232558,681.269809302326,-3.13399621269887,0.00236580896949432,0.0362567546542242,-4.52569560185173
"202314_at",-132.622258139535,389.381568604651,-3.13169071924546,0.00238250641269785,0.0364875535354956,-4.52579893345823
"202245_at",328.894372093024,1366.00041860465,3.13062297241139,0.00239027666504587,0.0365814113511106,-4.52584677438684
"200666_s_at",414.821697674419,1085.88940697674,3.12863494067211,0.00240480698509611,0.0367785271440608,-4.52593582347401
"200649_at",326.976465116279,1101.23413953488,3.12801995469207,0.00240931849018244,0.0368090820053932,-4.52596336352046
"212560_at",-306.515232558139,1002.58822093023,-3.12776328060724,0.00241120376864009,0.0368090820053932,-4.52597485684633
"210261_at",139.346497674419,334.304425581395,3.12768751623331,0.00241176052272468,0.0368090820053932,-4.52597824930915
"220228_at",161.911255813954,497.191046511628,3.12678884839495,0.00241837351811097,0.0368847481889574,-4.52601848479651
"205625_s_at",102.578553488372,320.543118604651,3.12625177799222,0.0024223336976777,0.0369198781021561,-4.52604252744684
"216319_at",87.9066837209302,208.085274418605,3.12541887291646,0.00242848721256142,0.0369883667515421,-4.52607980868724
"215404_x_at",-154.902648837209,517.937675581395,-3.12516282431266,0.00243038182711355,0.0369919386977945,-4.52609126836765
"221565_s_at",120.55023255814,412.774604651163,3.12374390601672,0.0024409059933265,0.0371267633100985,-4.52615476323375
"212072_s_at",-276.944120930233,643.16268372093,-3.12350248908049,0.00244270081023292,0.0371287190684994,-4.52616556464877
"202854_at",-413.943627906977,1397.84986046512,-3.12287527055945,0.00244736961937358,0.0371743266724618,-4.52619362518981
"200875_s_at",-212.566906976744,736.947895348837,-3.12173791412729,0.0024558569310402,0.03727783378363,-4.52624449979944
"211421_s_at",-241.322004651163,465.233023255814,-3.11974839988459,0.00247076924834273,0.0374786597418796,-4.52633346551504
"211998_at",416.805213953489,811.965206976744,3.11836508768653,0.00248118744815149,0.0376030883372607,-4.52639530368976
"215096_s_at",562.298860465117,2043.88312790698,3.11821143061539,0.0024823472128578,0.0376030883372607,-4.52640217161462
"211155_s_at",177.411527906977,477.124096511628,3.11783938737489,0.0024851573919061,0.0376200829917416,-4.5264187997933
"200751_s_at",-169.534251162791,340.984527906977,-3.11742572483105,0.00248828541403705,0.0376214173047441,-4.52643728673171
"220272_at",417.912069767442,1508.7975,3.11724668198526,0.00248964043161065,0.0376214173047441,-4.52644528786065
"206226_at",361.217767441861,1686.0693255814,3.11715816741034,0.002490310574182,0.0376214173047441,-4.52644924333001
"210980_s_at",692.728860465117,1969.10496511628,3.11536414448806,0.00250392934356066,0.0377930164027474,-4.52652939883659
"219561_at",253.758744186047,653.730930232558,3.11521541394163,0.00250506149202791,0.0377930164027474,-4.52653604276821
"219902_at",83.8135883720931,150.276705813953,3.11368997345685,0.00251670080275712,0.037942925566872,-4.52660417473329
"201821_s_at",-144.1423,240.959029069767,-3.11291946194605,0.00252259902312906,0.0380061352484008,-4.52663858116503
"218474_s_at",-148.669674418605,389.600488372093,-3.11227047869308,0.0025275769318739,0.0380554032249636,-4.52666755694464
"208716_s_at",-450.52511627907,970.571813953488,-3.10979018681993,0.0025466859277726,0.0383172198032119,-4.52677826380844
"202597_at",-559.990372093023,2508.09086046512,-3.10855896624121,0.00255622151890987,0.038434739612597,-4.52683319934967
"221014_s_at",136.451718604651,489.393489534884,3.10744696603608,0.00256486231524658,0.0385386560826969,-4.52688280429055
"201707_at",152.210641860465,280.230518604651,3.10656417442889,0.00257174139232864,0.038615979410552,-4.52692217699276
"204141_at",475.071053488372,994.82145,3.10602106511095,0.00257598205076,0.0386468325348591,-4.52694639647668
"219161_s_at",-208.903720930233,726.027255813954,-3.10563577666364,0.0025789943704359,0.0386468325348591,-4.52696357654666
"211872_s_at",42.9491255813953,184.324390697674,3.10563515465583,0.0025789992361592,0.0386468325348591,-4.52696360428106
"213137_s_at",-126.138095348837,280.947026744186,-3.10326347891968,0.00259761416213386,0.0388339670039931,-4.52706932965343
"220625_s_at",-401.192397674419,799.509501162791,-3.10294747459142,0.00260010384901282,0.0388339670039931,-4.52708341296434
"200037_s_at",-839.166511627907,3358.23674418605,-3.10291073019995,0.00260039348918074,0.0388339670039931,-4.52708505048982
"216082_at",200.056120930233,537.365776744186,3.1028977727626,0.00260049563422199,0.0388339670039931,-4.52708562793936
"214229_at",120.21618372093,401.576977906977,3.10283508239082,0.00260098988270655,0.0388339670039931,-4.527088421722
"202800_at",350.308118604651,360.111140697674,3.10271412451114,0.00260194375698792,0.0388339670039931,-4.52709381208811
"204244_s_at",-106.749895348837,352.637924418605,-3.10168535147916,0.00261006983057834,0.038929174052729,-4.5271396532516
"208901_s_at",-320.105569767442,659.052238372093,-3.10109055672926,0.00261477876099801,0.0389733211580726,-4.52716615260781
"215523_at",390.321441860465,1501.62544186047,3.10069051147878,0.00261795032329712,0.038994510062854,-4.52718397375723
"215240_at",180.269581395349,676.775162790698,3.09974438472862,0.00262546547067056,0.0390653491836217,-4.52722611618905
"214047_s_at",-209.20766744186,591.003840697674,-3.09965047479552,0.00262621249728785,0.0390653491836217,-4.52723029871143
"218755_at",-130.125844186047,274.650338372093,-3.09941977550926,0.00262804848359827,0.0390665806270982,-4.52724057318083
"209391_at",-100.677720930233,207.579262790698,-3.09894487176618,0.00263183169448639,0.0390859498727822,-4.52726172214974
"204610_s_at",35.6824,156.32443255814,3.09881594759043,0.0026328596131152,0.0390859498727822,-4.5272674632176
"221165_s_at",240.724813953489,1037.25408139535,3.09751334087946,0.0026432663278005,0.0391909509416641,-4.52732546103454
"219717_at",402.962418604651,1889.08251162791,3.09735794468564,0.00264451036185296,0.0391909509416641,-4.52733237898737
"207655_s_at",-189.815465116279,755.352290697674,-3.09727071623501,0.00264520891335381,0.0391909509416641,-4.52733626214664
"217152_at",-44.5460139534884,88.5046372093023,-3.09627784076954,0.00265317226115891,0.0392692865438906,-4.52738045749094
"212814_at",286.148581395349,1287.74694186047,3.09617220757828,0.00265402080218549,0.0392692865438906,-4.52738515898675
"221806_s_at",-266.72,541.532418604651,-3.09589304579982,0.00265626449638169,0.0392764046269895,-4.52739758338772
"208061_at",70.7906930232559,192.589620930233,3.09557079236489,0.00265885672281334,0.0392886633650197,-4.52741192479642
"218486_at",255.195162790698,983.673441860465,3.09400123085634,0.00267151604282912,0.0394298647079329,-4.52748176301367
"204993_at",352.828790697675,1221.05765116279,3.09394736158595,0.00267195151949821,0.0394298647079329,-4.52748415957024
"201754_at",-1500.26920930233,3212.12155813953,-3.09355731504644,0.00267510660758587,0.0394502981713011,-4.52750151136323
"206275_s_at",136.870976744186,486.534093023256,3.09327248569876,0.00267741278183498,0.039458193794728,-4.5275141815871
"201004_at",-487.248093023256,1498.80560465116,-3.09304821171391,0.00267922995914241,0.0394588771841178,-4.52752415760093
"219482_at",-143.943413953488,338.372841860465,-3.09008545872613,0.00270334353221098,0.0397648310328802,-4.52765590421259
"212256_at",-173.615209302326,411.98676744186,-3.09005737282786,0.00270357308328383,0.0397648310328802,-4.52765715276376
"212726_at",171.577086046512,419.417784883721,3.08910821047065,0.00271134142153876,0.0398527842322877,-4.52769934352207
"212713_at",20.7746604651163,61.1188046511628,3.08756588255137,0.00272400874781886,0.0400125820221804,-4.52776788420709
"212522_at",210.350883720931,861.257023255814,3.08614876552258,0.00273569618421812,0.0401577852917869,-4.5278308424319
"201139_s_at",328.342279069768,1375.01086046512,3.08544146182521,0.00274154697831502,0.0402171766410755,-4.52786225930101
"220376_at",114.639539534884,306.589327906977,3.08514331637316,0.00274401671158331,0.0402269239369809,-4.52787550096754
"216682_s_at",-213.652155813954,529.900712790698,-3.08345576436992,0.00275803483390555,0.0404058449729897,-4.52795043646645
"204092_s_at",-298.265162790698,505.73523255814,-3.08240726359927,0.00276677799675144,0.0405073023006651,-4.5279969825706
"220351_at",152.228348837209,455.507244186047,3.08182732476845,0.00277162500768163,0.0405516218293957,-4.52802272370977
"214724_at",89.2065976744187,171.780545348837,3.08069596932771,0.00278110337095298,0.0406512992297431,-4.52807293161217
"211898_s_at",27.4366790697675,81.2777976744186,3.0803856291905,0.00278370862470806,0.0406512992297431,-4.52808670211475
"217043_s_at",-95.4090906976744,213.855526744186,-3.08036156643223,0.00278391072228102,0.0406512992297431,-4.52808776979955
"209969_s_at",-326.704511627907,596.650744186046,-3.07961438137564,0.00279019294778678,0.0407163519682598,-4.52812092052901
"221950_at",32.5481,75.334538372093,3.07776476604046,0.00280580097000691,0.0409051359133907,-4.52820296248895
"209218_at",-524.01111627907,2149.77769767442,-3.07764655203941,0.00280680127503363,0.0409051359133907,-4.52820820500637
"206076_at",132.957504651163,318.326922093023,3.07701474723124,0.00281215311171802,0.0409081890339329,-4.52823622202985
"51226_at",121.475858139535,403.69711744186,3.07667099299129,0.00281506893671711,0.0409081890339329,-4.52825146415871
"208698_s_at",-178.110058139535,322.248829069767,-3.07644380433624,0.00281699755968287,0.0409081890339329,-4.52826153718369
"221922_at",-81.6463976744186,104.800389534884,-3.07641595980312,0.00281723401863366,0.0409081890339329,-4.52826277171569
"209586_s_at",-315.942860465116,1066.82573255814,-3.07637128343583,0.00281761345397777,0.0409081890339329,-4.52826475249998
"204125_at",298.50834883721,1112.73638372093,3.07632273167417,0.00281802585680057,0.0409081890339329,-4.52826690508519
"215964_at",126.184162790698,349.309406976744,3.07595952034103,0.00282111278476242,0.0409263386607168,-4.52828300773039
"213545_x_at",775.166627906977,2984.10615116279,3.07538635364318,0.00282599051265057,0.0409704271915371,-4.52830841622367
"206880_at",270.206,928.196906976744,3.07442433295028,0.00283419506023298,0.0410489797499415,-4.52835105620267
"208847_s_at",769.807186046512,2735.8403372093,3.0743191893388,0.00283509311291836,0.0410489797499415,-4.5283557160317
"217014_s_at",-216.525837209302,484.824476744186,-3.07345063857035,0.00284252169869405,0.0411298123454542,-4.52839420540047
"221870_at",95.0836511627908,422.19861627907,3.07251053023844,0.00285058268424967,0.0412196845899645,-4.52843585840533
"206481_s_at",221.106911627907,460.824590697674,3.07146261077104,0.00285959312818306,0.0413231606195222,-4.52848227908458
"210051_at",36.1033325581396,103.591484883721,3.07052320370859,0.0028676930223817,0.0413952415093382,-4.52852388475474
"207254_at",142.894355813954,344.002731395349,3.0704533021748,0.00286829658889818,0.0413952415093382,-4.52852698033647
"216605_s_at",25.3066720930232,64.03225,3.06845011325688,0.00288564340325839,0.0416168185349008,-4.52861567323152
"200968_s_at",-448.725146511628,1007.41672209302,-3.06824960638291,0.00288738506731395,0.0416168185349008,-4.5286245489169
"210108_at",-107.492267441861,205.76401744186,-3.06761100896684,0.00289293862932725,0.0416699104572069,-4.52865281488497
"213931_at",-249.076390697674,512.192013953488,-3.0665186982299,0.00290246091441583,0.0417800623746304,-4.5287011551212
"201473_at",254.845813953489,768.518502325581,3.06393119113295,0.00292513394387016,0.0420792509175331,-4.5288156237121
"219972_s_at",-117.151660465116,235.921911627907,-3.06343309098674,0.00292951738188553,0.0421137668417623,-4.52883765241963
"205290_s_at",190.445651162791,470.118034883721,3.06322922617318,0.00293131321507756,0.0421137668417623,-4.52884666780862
"210663_s_at",-179.394830232558,220.196656976744,-3.06251106430138,0.00293764760826163,0.0421775783858853,-4.52887842374494
"218756_s_at",175.268581395349,638.503220930233,3.06225342002395,0.00293992320097318,0.0421830706292888,-4.52888981525082
"207659_s_at",189.662906976744,570.016709302326,3.06123826225746,0.00294890532413953,0.0422847215815967,-4.5289346938662
"209074_s_at",139.099365116279,275.14443372093,3.06064221255476,0.00295419104286123,0.0423332726740043,-4.52896104013207
"205267_at",-157.731327906977,439.113312790698,-3.05722448666914,0.00298466937556571,0.0427425370795185,-4.52911204847975
"205852_at",-82.8055837209303,189.514412790698,-3.05651229237366,0.00299105717121571,0.0428065041401412,-4.52914350307744
"212358_at",96.3850697674418,415.197162790698,3.05540175916765,0.00300104306835256,0.0429218502516689,-4.52919254172713
"221645_s_at",-149.253027906977,247.748958139535,-3.05450285537671,0.0030091486519932,0.0429865317645455,-4.52923222736444
"206831_s_at",34.2911046511628,106.291210465116,3.05447238599302,0.00300942375589871,0.0429865317645455,-4.52923357243061
"202772_at",306.653186046512,1498.03898837209,3.0535256437329,0.00301798340442917,0.0430811814227388,-4.52927536215321
"201612_at",1004.89209302326,4274.30093023256,3.05192288422745,0.00303252574119192,0.0432610570364785,-4.52934609087037
"204897_at",472.870767441861,1338.34998837209,3.05114893487143,0.00303957128706138,0.0433338240496409,-4.52938023665138
"218245_at",111.532674418605,378.428104651163,3.04979268985036,0.00305195433506219,0.0434825437648279,-4.52944005994874
"209875_s_at",-670.867813953489,1621.3771627907,-3.04808845325552,0.00306758106262102,0.043664731358569,-4.52951521000716
"201031_s_at",-664.11465116279,2616.17476744186,-3.04797099244329,0.0030686608314643,0.043664731358569,-4.52952038861892
"213723_s_at",61.879888372093,127.662518604651,3.04604433379684,0.00308642222480866,0.0438880981833426,-4.52960531376842
"205796_at",288.372613953488,702.570693023256,3.04584149198151,0.00308829771357004,0.0438880981833426,-4.52961425292324
"222122_s_at",-177.133309302326,386.306345348837,-3.04530394631796,0.00309327301184012,0.0439307855467389,-4.52963794058139
"207547_s_at",304.776569767442,924.473575581395,3.04480839438408,0.00309786622106165,0.0439573943978824,-4.52965977547039
"214140_at",241.260697674419,864.195395348837,3.04467626496483,0.00309909198039192,0.0439573943978824,-4.52966559695858
"210305_at",25.7118837209302,67.8281348837209,3.0414492101299,0.00312916931045127,0.0443372874103974,-4.52980772982423
"212158_at",517.098651162791,1069.6033255814,3.04137600533265,0.00312985473664027,0.0443372874103974,-4.52981095299873
"215350_at",48.7297209302326,127.27148372093,3.04054087306511,0.00313768405464503,0.0444199579349779,-4.52984772014306
"203442_x_at",157.486023255814,485.05173255814,3.03962025983138,0.00314633580252149,0.0445141591667216,-4.5298882434795
"209600_s_at",110.045427906977,255.099160465116,3.03939023827291,0.00314850095398919,0.0445165271305464,-4.5298983673426
"212380_at",-81.8684302325582,249.72663372093,-3.03837439109716,0.00315807948034403,0.0446236430313925,-4.52994307188496
"208170_s_at",104.630658139535,378.527694186047,3.03809934155362,0.00316067759658094,0.0446272399916362,-4.52995517445959
"201590_x_at",1247.23488372093,4717.9188372093,3.03792351000241,0.00316233953896664,0.0446272399916362,-4.52996291094889
"202229_s_at",106.769820930233,271.918587209302,3.037654467232,0.00316488407361422,0.0446348808938896,-4.52997474814902
"210511_s_at",-161.483020930233,138.858459302326,-3.03718331037598,0.00316934472467987,0.0446557697410461,-4.52999547631107
"204257_at",206.564395348837,893.115895348837,3.03707475667277,0.0031703732769526,0.0446557697410461,-4.53000025176388
"222182_s_at",-199.833925581395,475.082648837209,-3.03632275229249,0.00317750706518952,0.0447279784798598,-4.53003333078241
"209448_at",-267.573504651163,536.881203488372,-3.03602190560389,0.00318036517391834,0.0447399477086,-4.53004656296189
"201229_s_at",190.190697674418,604.622953488372,3.03416055405281,0.00319810149423426,0.0449392492071031,-4.53012841317618
"213532_at",-147.722860465116,402.905779069767,-3.03411192051167,0.00319856613752482,0.0449392492071031,-4.53013055135282
"214162_at",118.502539534884,327.406376744186,3.03303933032122,0.003208829558973,0.0450274032795795,-4.53017770250631
"221380_at",36.3247930232558,158.738829069767,3.03266319317638,0.00321243597401367,0.0450274032795795,-4.53019423510598
"204337_at",-209.976441860465,526.605011627907,-3.03265613556107,0.00321250367856631,0.0450274032795795,-4.5301945453019
"206855_s_at",146.660246511628,449.207946511628,3.03261239054714,0.00321292335926632,0.0450274032795795,-4.53019646797051
"221190_s_at",297.051418604651,1288.32556976744,3.03221318482784,0.0032167556068172,0.045052775101639,-4.53021401296273
"205383_s_at",443.43088372093,1766.93851162791,3.03039228991788,0.00323428943592435,0.0452698941587326,-4.53029402287236
"207002_s_at",283.010046511628,915.000255813953,3.029996782652,0.0032381095649631,0.0452949123892484,-4.53031139751716
"201743_at",318.874767441861,782.646686046512,3.02948368565873,0.00324307170498167,0.0453263002109682,-4.53033393580767
"218546_at",347.649044186047,470.822873255814,3.02917804199548,0.00324603092210265,0.0453263002109682,-4.53034736039289
"203803_at",60.6861139534884,90.9394104651163,3.02913417703364,0.00324645582447181,0.0453263002109682,-4.53034928697646
"202046_s_at",191.227325581395,856.760220930233,3.02828287905454,0.00325471222646376,0.0453916123073414,-4.53038667326015
"204204_at",245.475162790698,948.458651162791,3.02823184046547,0.00325520784755785,0.0453916123073414,-4.53038891450667
"208994_s_at",783.337720930233,2994.69323255814,3.02781565684481,0.00325925189961189,0.0454192448192175,-4.5304071894219
"204457_s_at",473.114581395349,1257.34922093023,3.02760855263521,0.0032612660642978,0.0454192448192175,-4.53041628293837
"208937_s_at",264.855604651163,746.358151162791,3.02659951805153,0.00327109581456428,0.0455143653443298,-4.53046058208827
"202150_s_at",238.633720930233,923.658418604651,3.02646718578259,0.00327238699614057,0.0455143653443298,-4.53046639113388
"207601_at",372.695093023256,1127.72747674419,3.0262790223846,0.00327422374217837,0.0455143653443298,-4.5304746507534
"213770_at",101.854790697674,341.343302325581,3.02539645328627,0.00328285165004876,0.0455923370353695,-4.53051338778933
"205491_s_at",166.068797674419,439.849631395349,3.02528680744301,0.0032839250074841,0.0455923370353695,-4.53051819979428
"203138_at",-306.057418604651,811.555779069767,-3.02460766784141,0.00329058056849238,0.0456562931554892,-4.53054800266744
"219076_s_at",248.444279069767,1074.10544186047,3.02341538304502,0.00330229519927516,0.0457761519183579,-4.53060031408015
"209095_at",475.706953488372,1314.08122093023,3.0233104806483,0.00330332775141227,0.0457761519183579,-4.53060491605823
"211936_at",-701.32811627907,1177.61261627907,-3.02261429528654,0.00331018787618203,0.0458427075481443,-4.53063545462254
"208157_at",54.3860860465117,243.636980232558,3.02219106655806,0.00331436477122448,0.0458720436007422,-4.53065401767438
"211896_s_at",1119.53406511628,2469.45501395349,3.02134807919679,0.00332269887310473,0.0459588448102996,-4.53069098680989
"218690_at",85.8077325581396,272.937819767442,3.02066200926888,0.00332949595938947,0.0460048381156827,-4.53072106965804
"200920_s_at",455.614697674419,1154.02160465116,3.02059573838129,0.00333015320560949,0.0460048381156827,-4.53072397528631
"202909_at",-386.972527906977,896.780380232558,-3.01934828970009,0.00334254732150521,0.0461474485533461,-4.5307786619928
"208671_at",576.782476744186,1048.77715697674,3.01906161222105,0.00334540166044768,0.0461505672433461,-4.5307912276349
"219840_s_at",158.188562790698,336.186579069767,3.01873566437529,0.00334864974354195,0.0461505672433461,-4.53080551368173
"208623_s_at",-154.894227906977,540.542937209302,-3.01870188260889,0.00334898654725534,0.0461505672433461,-4.53080699425656
"210163_at",-319.494355813953,388.148229069767,-3.01689743799151,0.00336702252106992,0.0463704343862799,-4.530886063946
"205188_s_at",244.507790697675,680.208825581395,3.01628314427179,0.0033731830811179,0.0464265834444412,-4.53091297527872
"210212_x_at",148.07888372093,487.155255813953,3.0153203422557,0.00338285973830401,0.0465310268818692,-4.53095514746101
"211600_at",786.756976744186,3044.66537209302,3.01335220946553,0.00340272056362454,0.0467638091328886,-4.53104132879203
"201058_s_at",187.981053488372,243.96385,3.01322770968198,0.00340398054182764,0.0467638091328886,-4.53104677926645
"203241_at",310.986697674419,1477.0801627907,3.01162141029833,0.00342027562255314,0.0469490065113474,-4.53111708895011
"211792_s_at",106.464227906977,269.433702325581,3.01148378515256,0.00342167511441135,0.0469490065113474,-4.53112311189324
"215668_s_at",171.047860465116,611.258976744186,3.01099940262903,0.00342660495620175,0.0469877158394115,-4.53114430876231
"213273_at",34.8954395348837,163.791405813953,3.01062831799787,0.00343038614981463,0.0470106362707991,-4.53116054622201
"202762_at",143.624420930233,200.923319767442,3.01019158152188,0.00343484125870681,0.0470427583083982,-4.53117965480857
"208696_at",-285.902430232558,434.005294186047,-3.00712311184894,0.00346629386145674,0.0474443649354058,-4.53131386160336
"208093_s_at",240.714697674419,872.169744186047,3.00660324536616,0.00347164897713616,0.0474884924232812,-4.53133659080506
"206225_at",443.372955813954,961.924522093023,3.00620228927904,0.00347578443597907,0.0475158923846145,-4.5313541194362
"203508_at",159.346606976744,395.819203488372,3.00595171667565,0.00347837115634594,0.0475220996179379,-4.53136507300489
"205331_s_at",89.2202674418604,296.853284883721,3.00517766854299,0.00348637310290937,0.0475890799189738,-4.53139890629059
"215599_at",-103.023241627907,84.4866945348837,-3.00496656750434,0.00348855837768463,0.0475890799189738,-4.53140813248262
"37022_at",359.725372093023,1428.8405,3.00485819025217,0.00348968076953746,0.0475890799189738,-4.53141286896529
"213228_at",366.73211627907,1793.28626744186,3.00274386915862,0.0035116444101369,0.0478593103309361,-4.53150525135822
"205235_s_at",-119.196472093023,319.713829069767,-3.00121156388554,0.00352764197213641,0.0480479499175524,-4.53157217816129
"202528_at",-114.926720930233,525.798430232558,-3.00043791358315,0.00353574464020914,0.0481288929858156,-4.53160596098907
"214325_at",29.0614697674419,109.362425581395,2.9997572482779,0.00354288769441535,0.0481966828416711,-4.53163567899077
"221215_s_at",-177.895620930233,402.012391860465,-2.99932462438093,0.00354743468842504,0.0482290952789355,-4.53165456527304
"213684_s_at",-114.409974418605,117.799596511628,-2.99887977000725,0.00355211586148109,0.0482632913057214,-4.53167398371575
"206127_at",84.8541255813954,240.482060465116,2.99830117843138,0.00355821289837476,0.0483166715505697,-4.53169923727673
"211956_s_at",1245.15837209302,5551.62058139535,2.99727610181164,0.00356903866309616,0.0484234078637854,-4.5317439709657
"211960_s_at",284.111588372093,746.040136046512,2.99714555338051,0.00357041956290443,0.0484234078637854,-4.53174966733373
"206882_at",66.5764488372094,202.942505813953,2.99661298696471,0.00357605800697467,0.0484703774753142,-4.53177290381201
"203061_s_at",80.598,294.807372093023,2.99580018970259,0.00358467923196001,0.0485413253976558,-4.53180836213391
"222329_x_at",135.191851162791,231.963969767442,2.99570885368578,0.00358564922158334,0.0485413253976558,-4.53181234629862
"217734_s_at",-127.411451162791,255.018625581395,-2.99285788206209,0.00361604899948631,0.0489231450246226,-4.53193667043658
"207583_at",186.263067441861,544.051536046512,2.99188148668871,0.00362651497387152,0.0490205842199647,-4.53197923180128
"216194_s_at",-193.10561744186,267.638604767442,-2.99177567719337,0.00362765082703055,0.0490205842199647,-4.53198384354953
"222226_at",49.9905139534884,113.406419767442,2.99113370621621,0.00363454937556497,0.0490840386277056,-4.5320118219287
"219059_s_at",325.702325581395,541.882534883721,2.990102972807,0.00364565092046529,0.0492041426170371,-4.53205673553133
"215726_s_at",1240.63744186047,4658.15476744186,2.98928860425724,0.00365444428185147,0.0492929672714868,-4.53209221434353
"218705_s_at",-160.814860465116,321.379327906977,-2.9877182912303,0.00367145558823556,0.0494924651377211,-4.53216060965941
"201310_s_at",-885.360953488372,2322.66738372093,-2.98733256335191,0.00367564539860857,0.0495189881603354,-4.53217740669127
"207156_at",-130.128104651163,177.274463953488,-2.98647025463385,0.00368502787657206,0.0496052710642388,-4.53221495217663
"221919_at",-212.285451162791,695.028855813953,-2.98629651020421,0.00368692100869469,0.0496052710642388,-4.5322225163044
"211390_at",36.6095720930233,134.829862790698,2.98613071496429,0.00368872836482716,0.0496052710642388,-4.53222973410075
"206280_at",200.576209302326,716.279244186047,2.98469455408615,0.00370441848462425,0.0497862226133185,-4.53229224603983
